,category,author,rank,publish_date,title,url
0,超优质,小王Albert,1,昨天,安倍晋三的好学生高市早苗，为何硬着头皮挑衅中国,https://www.bilibili.com/video/BV1bTULBCEaA/
1,超优质,小王Albert,2,11-18,首相一年内还不是个“人”，高市早苗口嗨装死，真要玩崩日本？【岛岛连线】,https://www.bilibili.com/video/BV1sRy3BnE6B/
2,超优质,小王Albert,3,11-15,非洲红色政权自己反复打烂自己，变成无望的萨普故乡【中非 06丨刚果（布）】,https://www.bilibili.com/video/BV1FbCTBfEbc/
3,超优质,小王Albert,4,11-09,西方玩冷战，美国脑控欧洲，为什么中国要坚持交流？,https://www.bilibili.com/video/BV1m12gBsEWL/
4,超优质,小王Albert,5,11-07,东南亚人情大派对，东北亚极右软着陆，中国崛起周围都清澈了【岛岛见面会】,https://www.bilibili.com/video/BV1Gj23BNEY3/
5,超优质,小王Albert,6,10-31,一条视频看十月世界：政府停摆、贸易大战、中美握手、台湾问题加速,https://www.bilibili.com/video/BV1um1MBpES6/
6,超优质,小王Albert,7,10-25,乱不爆、穷不垮、政变干不掉，92岁总统裱糊绝技【中非05丨喀麦隆】,https://www.bilibili.com/video/BV1xjsHzEExk/
7,超优质,小王Albert,8,10-19,高市早苗是巨人or假右？国民党又内斗？东亚选票精算师割不动了？【岛岛连线】,https://www.bilibili.com/video/BV1icsAz2Ea1/
8,超优质,小王Albert,9,10-17,500公里跨国拍摄，看哈萨克斯坦为什么需要中国？,https://www.bilibili.com/video/BV1VLWyzsE8X/
9,超优质,小王Albert,10,10-11,汽车出口第一，下一个要摘的工业明珠是什么？,https://www.bilibili.com/video/BV1MG4wzTEod/
10,超优质,小Lin说,1,11-14,GDP是会骗人的 | 一口气了解GDP,https://www.bilibili.com/video/BV1EjCgBeEn5/
11,超优质,小Lin说,2,10-25,那些被制裁最最严重的国家，都怎么样了?,https://www.bilibili.com/video/BV1qVsRzbEQ2/
12,超优质,小Lin说,3,10-15,"全球乱跑的""最贵""视频，看我发现了什么…？",https://www.bilibili.com/video/BV1wK4vznEW3/
13,超优质,小Lin说,4,10-12,美元暴跌的背后...,https://www.bilibili.com/video/BV14U4uzRE1X/
14,超优质,小Lin说,5,09-16,一口气了解伊朗经济,https://www.bilibili.com/video/BV1MEp1z7EAx/
15,超优质,小Lin说,6,08-29,"中国经济2025 (小结, 简单聊聊)",https://www.bilibili.com/video/BV1A3hRzpEY5/
16,超优质,小Lin说,7,08-19,期货，为什么总是拉爆债市、股市、油价？ 资本世界的多空大战有多凶残...,https://www.bilibili.com/video/BV12YeczEE6x/
17,超优质,小Lin说,8,08-11,机器人，真的要来了么...？,https://www.bilibili.com/video/BV1AcbVzwEEc/
18,超优质,小Lin说,9,07-31,"什么是""金融赌场""，它背后有什么秘密？",https://www.bilibili.com/video/BV1ZG8kzuEnD/
19,超优质,小Lin说,10,07-15,一口气了解稳定币,https://www.bilibili.com/video/BV1SquEzGERq/
20,超优质,罗永浩的十字路口,1,11-20,【正片】何同学×罗永浩！青年何同学的骄傲与烦恼,https://www.bilibili.com/video/BV1G7yGBvEqs/
21,超优质,罗永浩的十字路口,2,11-19,录制时我一直在由衷夸赞何同学，因为他确实是个很好的年轻人。11 月 20 日中午 12 点，看看他身上有哪些闪光点。,https://www.bilibili.com/video/BV1YHy5B6EFS/
22,超优质,罗永浩的十字路口,3,11-19,和很多人记忆里的场面不同，这次是坐在我对面的那个人，掏出了一摞PPT......11 月 20 日中午 12 点，看看何同学的 PPT 里到底写了什么。,https://www.bilibili.com/video/BV1VHy5B6ENm/
23,超优质,罗永浩的十字路口,4,11-19,原来何同学真的是“有备而来”。11 月 20 日中午 12 点，看看他给我带来什么样让人意外的“小礼物”。,https://www.bilibili.com/video/BV157y5BVEf1/
24,超优质,罗永浩的十字路口,5,11-11,【正片】魔术大师刘谦×罗永浩！你所不知道的刘谦,https://www.bilibili.com/video/BV1dqkZBhEz3/
25,超优质,罗永浩的十字路口,6,11-05,一个视频讲清楚，为什么叫净烟机不叫油烟机。,https://www.bilibili.com/video/BV1Yv17BHEUi/
26,超优质,罗永浩的十字路口,7,11-05,究竟是什么新玩意，解决了我想吃口热锅现炒的难题？,https://www.bilibili.com/video/BV1sY1EBkE9U/
27,超优质,罗永浩的十字路口,8,10-29,【正片】贾樟柯×罗永浩！成为贾樟柯（上）,https://www.bilibili.com/video/BV1tWyyBDEmE/
28,超优质,罗永浩的十字路口,9,10-22,【正片】名创优品叶国富×罗永浩！重塑线下购物，让人们重新爱上逛街！,https://www.bilibili.com/video/BV1xCWXzTE1U/
29,超优质,罗永浩的十字路口,10,10-17,【正片】宋方金×罗永浩！故事必须有人讲下去,https://www.bilibili.com/video/BV1ogWqzCEQu/
30,超优质,稚晖君,1,10-28,【灵犀X2】有灵创学得就是快，当机器人开始跳机械舞～,https://www.bilibili.com/video/BV1QtyzBkEXZ/
31,超优质,稚晖君,2,10-24,【灵创平台】不用写代码，也能训练机器人？全球首个0代码创作平台来了！,https://www.bilibili.com/video/BV1dhsJzFESF/
32,超优质,稚晖君,3,09-28,【开发日记】灵犀现学现卖，又是被X2可爱到的一天～,https://www.bilibili.com/video/BV1ELnRzWEaW/
33,超优质,稚晖君,4,09-18,【灵犀X2】它快要学会人类的一切动作了...（好努力一机器人）,https://www.bilibili.com/video/BV1eMpizAEcg/
34,超优质,稚晖君,5,08-27,拆解未来，灵犀X2-W原型机渲染细节,https://www.bilibili.com/video/BV1u2e1zEEPf/
35,超优质,稚晖君,6,08-21,【硬核】新灵犀将以轮臂形态出击，X2-W作业智能机器人,https://www.bilibili.com/video/BV1w2Y9z4EWb/
36,超优质,稚晖君,7,07-05,【硬核】运动智能新物种：灵犀X2-N成长记录~,https://www.bilibili.com/video/BV13p3mzAELS/
37,超优质,稚晖君,8,05-16,【硬核】灵犀DLC：X2学会新技能了！,https://www.bilibili.com/video/BV1pmEJzoEYf/
38,超优质,稚晖君,9,03-11,【硬核】我们造了一个跟人一样灵动的机器人！,https://www.bilibili.com/video/BV1JYRjYoEzE/
39,超优质,稚晖君,10,2024-08-18,2024智元年度新品发布会全程回顾,https://www.bilibili.com/video/BV1xU411U7PW/
40,超优质,影视飓风,1,11-18,英雄联盟总决赛，他们耳机里到底在听什么？,https://www.bilibili.com/video/BV1uDCrBkEiw/
41,超优质,影视飓风,2,11-15,关于影视飓风近期舆情,https://www.bilibili.com/video/BV16YC3BrEDz/
42,超优质,影视飓风,3,11-13,可变光圈？大疆Action 6运动相机上手,https://www.bilibili.com/video/BV1yQCxBREZP/
43,超优质,影视飓风,4,11-12,从没想过的问题？！影视飓风1400万粉丝Q&A！,https://www.bilibili.com/video/BV1TZk2BEEdz/
44,超优质,影视飓风,5,11-03,用生命做视频？00后的博主都在做什么？,https://www.bilibili.com/video/BV1eU1vBiEqh/
45,超优质,影视飓风,6,10-30,1499元的新大疆无人机，够拍吗？大疆 Neo 2上手,https://www.bilibili.com/video/BV18nyhBLEN9/
46,超优质,影视飓风,7,10-28,【影视飓风】只看8节课，用iPhone拍出电影感,https://www.bilibili.com/cheese/play/ss190402215
47,超优质,影视飓风,8,10-26,洋人丢的电子垃圾，都去哪了？,https://www.bilibili.com/video/BV133xFzKEsd/
48,超优质,影视飓风,9,10-24,用AI扫街，会比摄影师拍得更好吗？,https://www.bilibili.com/video/BV1YZsEzXEEq/
49,超优质,影视飓风,10,10-23,去了一趟挪威。,https://www.bilibili.com/video/BV1LxsBzjEzB/
50,超优质,林亦LYi,1,11-21,为什么“抽卡”让游戏越来越不好玩？,https://www.bilibili.com/video/BV12vUjBVEcH/
51,超优质,林亦LYi,2,11-14,谁偷走了我们的手机空间？,https://www.bilibili.com/video/BV1sACgBVEWK/
52,超优质,林亦LYi,3,11-07,为什么苹果越来越“听劝”了？,https://www.bilibili.com/video/BV1V523BiEX7/
53,超优质,林亦LYi,4,10-31,AI：就你叫赌怪是吧,https://www.bilibili.com/video/BV1Qk1MBREkq/
54,超优质,林亦LYi,5,10-23,2025了，手机AI变好用了吗？,https://www.bilibili.com/video/BV1G8sVzqEtH/
55,超优质,林亦LYi,6,10-20,AI：鸿蒙App开发还是我来吧,https://www.bilibili.com/video/BV1yFs3zJEhd/
56,超优质,林亦LYi,7,10-17,为什么eSIM这么难落地？,https://www.bilibili.com/video/BV12MWCzgENz/
57,超优质,林亦LYi,8,10-10,我后悔让AI看B站了...,https://www.bilibili.com/video/BV1EP4JziEwe/
58,超优质,林亦LYi,9,10-03,Steam到底强在哪？,https://www.bilibili.com/video/BV1FznvzKECZ/
59,超优质,林亦LYi,10,09-26,AI大战骗子酒馆②：八大顶级AI赌命血战，赢家竟是？,https://www.bilibili.com/video/BV1R6nMzSESL/
60,超优质,青蛙刀圣1993,1,4小时前,我们的语言何止是交流的工具，更是...... |揭开语言的面纱，难道真的自性本空？,https://www.bilibili.com/video/BV1AeUABqEyk/
61,超优质,青蛙刀圣1993,2,10-14,超级脑洞，8项奥斯卡提名，揭开语言的奥秘(上),https://www.bilibili.com/video/BV1NU4XzyEKS/
62,超优质,青蛙刀圣1993,3,08-02,少林CEO都被抓了，别再往功德箱里投 许愿钱 了！方丈一定会帮你超额实现的！,https://www.bilibili.com/video/BV1eNhhzuE5z/
63,超优质,青蛙刀圣1993,4,07-12,十字军杀了我们的人，但我放下了宗教仇恨的执着 | 萨拉丁【天国王朝(4/4)】,https://www.bilibili.com/video/BV1zmMQzDEod/
64,超优质,青蛙刀圣1993,5,07-05,教皇说这是上帝的战争，人性却说这是不义的杀戮【天国王朝(3/4)】,https://www.bilibili.com/video/BV1YC3DzLE4N/
65,超优质,青蛙刀圣1993,6,06-28,一场1000年前的无差别屠杀，挑起了耶路撒冷的战争漩涡【天国王朝(2/4)】,https://www.bilibili.com/video/BV1CjKmzBEPx/
66,超优质,青蛙刀圣1993,7,06-21,这部电影还原了一千年前，耶路撒冷的杀戮、仇恨与狂热【天国王朝(1/4)】,https://www.bilibili.com/video/BV1F6KczqETs/
67,超优质,青蛙刀圣1993,8,05-25,这就是道家？一口气解惑，极致浓缩中国2500年前的智慧(下),https://www.bilibili.com/video/BV1qNjgzmETQ/
68,超优质,青蛙刀圣1993,9,04-30,31岁毫无天赋，用最笨、最不科学的方法硬弹3年 | 想要学琴的你也来打卡吧！,https://www.bilibili.com/video/BV1QZGQzmEgW/
69,超优质,青蛙刀圣1993,10,04-15,从零入门，道家世界观 | 极简解析道家思想 (上),https://www.bilibili.com/video/BV18moLYLErd/
70,历史区,小约翰可汗,1,11-19,汉祚何绝——王莽和他的超自然帝国【小约翰】,https://www.bilibili.com/video/BV14myuB7EPv/
71,历史区,小约翰可汗,2,11-04,左右横跳式外交之我的国家只有0.1%T【小约翰】,https://www.bilibili.com/video/BV1L11vBBEsW/
72,历史区,小约翰可汗,3,10-31,绩效人如何种棉花？【神奇组织42】,https://www.bilibili.com/video/BV1Diy8BLEvG/
73,历史区,小约翰可汗,4,10-24,谁是乌兹别克的可汗？【神奇组织41】,https://www.bilibili.com/video/BV1fps7zoE8c/
74,历史区,小约翰可汗,5,10-15,关于为了波多黎各独立去刺杀总统这件事【神奇组织40】,https://www.bilibili.com/video/BV1L84XzoE2a/
75,历史区,小约翰可汗,6,09-20,苏联第一主理人下场如何？【神奇组织39】,https://www.bilibili.com/video/BV1yDWuzkEsv/
76,历史区,小约翰可汗,7,09-08,苏联最好的商店是哪？【神奇组织38】,https://www.bilibili.com/video/BV1pcY7zHE8L/
77,历史区,小约翰可汗,8,08-26,如何把北极的冰块运到赤道？【神奇组织37】,https://www.bilibili.com/video/BV17WvwzMETQ/
78,历史区,小约翰可汗,9,08-12,决战“库班之王”【神奇组织36】,https://www.bilibili.com/video/BV19ztQzRESM/
79,历史区,小约翰可汗,10,07-31,在苏联出差有多危险？【神奇组织35】,https://www.bilibili.com/video/BV1ng8yzJE43/
80,历史区,渤海小吏,1,昨天,"【硬核】众人皆醉我独醒的""帝国撕裂师""，然后呢？",https://www.bilibili.com/video/BV1oaULB4E2U/
81,历史区,渤海小吏,2,11-15,"深度||""出将入相""的崩塌，大唐为什么那么多夷人节度使？",https://www.bilibili.com/video/BV13sCKBkEFi/
82,历史区,渤海小吏,3,11-05,"从1700年前的""夷命贵""运动，看大洋彼岸的""血玫瑰""怎样花开？",https://www.bilibili.com/video/BV1eN1yBoEK7/
83,历史区,渤海小吏,4,11-01,深度|| 双魔登场，拐点中国历史的霹雳飞猪，拐点中国历史的Bug级奸相,https://www.bilibili.com/video/BV1Bu1TBbEjp/
84,历史区,渤海小吏,5,10-28,【硬核】在古代，如何搞一场成功的改革？,https://www.bilibili.com/video/BV1GPsyzdEk8/
85,历史区,渤海小吏,6,10-24,深度|| 如何写出200亿票房的故事？,https://www.bilibili.com/video/BV1nGsiz7EtL/
86,历史区,渤海小吏,7,10-18,深度|| 武则天为何不敢用节度使？李三郎怎样掉进了极乐幻境？,https://www.bilibili.com/video/BV1YGWkzUEst/
87,历史区,渤海小吏,8,10-12,灭霸有多没文化？节度使为什么必须要登上历史舞台？,https://www.bilibili.com/video/BV1mi4WzFEP9/
88,历史区,渤海小吏,9,10-09,"救世主登场！三十年死亡游戏的终结！玄宗朝""家奴""基因的起点！",https://www.bilibili.com/video/BV1FrxezCEAq/
89,历史区,渤海小吏,10,09-29,【硬核】官宦世家的不传之秘，为什么圣人的书拿来办事百无一用？,https://www.bilibili.com/video/BV1BdnXz7EBP/
90,创意区,手工耿,1,11-21,我给挖掘机做了一柄大刀,https://www.bilibili.com/video/BV1CpyPBFEHC/
91,创意区,手工耿,2,11-01,轮椅助推器,https://www.bilibili.com/video/BV1wa15BZEk8/
92,创意区,手工耿,3,09-29,我新研制了一个关于老年痴呆的机器,https://www.bilibili.com/video/BV1FynzzEEUK/
93,创意区,手工耿,4,06-11,做了一个钛合金鱼缸支架,https://www.bilibili.com/video/BV1oeMEznEj2/
94,创意区,手工耿,5,05-16,自制多胞胎婴儿车，奶爸神器,https://www.bilibili.com/video/BV1dRE4zNEdg/
95,创意区,手工耿,6,01-22,自制招财猫打雪仗机甲,https://www.bilibili.com/video/BV1pEwvevEYU/
96,创意区,手工耿,7,01-09,上B站！弹幕看春晚,https://www.bilibili.com/video/BV1XbrYY4E35/
97,创意区,手工耿,8,2024-12-17,育娃波浪鼓,https://www.bilibili.com/video/BV1L4kEY4Epn/
98,创意区,手工耿,9,2024-12-06,我给德爷制作了一条荒野求生腰带,https://www.bilibili.com/video/BV1QiiiYDEAz/
99,创意区,手工耿,10,2024-10-30,做了一根大慈大悲钓鱼竿,https://www.bilibili.com/video/BV1zpS3YhE4a/
100,创意区,老师好我叫何同学,1,11-20,【正片】何同学×罗永浩！青年何同学的骄傲与烦恼,https://www.bilibili.com/video/BV1G7yGBvEqs/
101,创意区,老师好我叫何同学,2,11-18,为了帮粉丝放牛，我们做了这个...,https://www.bilibili.com/video/BV17PygBiETq/
102,创意区,老师好我叫何同学,3,09-17,【何同学】最听劝的一代，但是... iPhone 17系列首发体验,https://www.bilibili.com/video/BV1uCptzTEt8/
103,创意区,老师好我叫何同学,4,08-08,【何同学】我们拍到了7500光年外的风景…,https://www.bilibili.com/video/BV1Tct1ztE26/
104,创意区,老师好我叫何同学,5,07-25,为了不用擦白板，我们做了这个...,https://www.bilibili.com/video/BV18LbDzjE5V/
105,创意区,老师好我叫何同学,6,07-12,【何同学】为了不用倒垃圾，我们做了这个...,https://www.bilibili.com/video/BV1JDMQzUEwy/
106,创意区,老师好我叫何同学,7,06-22,【何同学】五年前，我见到了微软的秘密手机...,https://www.bilibili.com/video/BV11YNQzJEQY/
107,创意区,老师好我叫何同学,8,06-16,这不是特效，是3D打印。,https://www.bilibili.com/video/BV1msMiznE6b/
108,创意区,老师好我叫何同学,9,05-16,【何同学】边充边玩伤电池？24部手机，6个月，告诉你更好的充电方式,https://www.bilibili.com/video/BV1kPE4zgE7y/
109,创意区,老师好我叫何同学,10,04-27,【何同学】我们做了个特别的键盘…,https://www.bilibili.com/video/BV1DtjAzUEb9/
110,创意区,摄影师云飞,1,11-21,终于不用洗袜子、内衣了！米家三区洗pro 滚筒10kg 体验分享 【小米洗衣机】,https://www.bilibili.com/video/BV1KsyMB5ELG/
111,创意区,摄影师云飞,2,11-19,索尼XM4 老用户升级 XM6，五年差距有多大？,https://www.bilibili.com/video/BV1MvyjBzE5T/
112,创意区,摄影师云飞,3,11-14,长期体验 小米17Pro 竟然这么多问题.....？,https://www.bilibili.com/video/BV1ttCKB6E91/
113,创意区,摄影师云飞,4,11-12,一个视频了解 大疆OM8、影石Flow2 Pro 区别，超详细实测对比！,https://www.bilibili.com/video/BV1tKCjBvEmE/
114,创意区,摄影师云飞,5,11-07,首款共用对讲机！也是使用门槛最低的小米数字对讲机！,https://www.bilibili.com/video/BV1jo1CBAEVZ/
115,创意区,摄影师云飞,6,11-02,在手机上玩Steam PC游戏！甚至能玩网游？ 盖世游戏最简单PC模拟器【保姆级教程】,https://www.bilibili.com/video/BV1B2ydBeEEP/
116,创意区,摄影师云飞,7,10-30,米家3D版本来了！最后效果太棒了！,https://www.bilibili.com/video/BV17AyYBeED1/
117,创意区,摄影师云飞,8,10-30,不做家务！扫地机器人一定选自动上下水！,https://www.bilibili.com/video/BV1kQy8BNEeY/
118,创意区,摄影师云飞,9,10-25,全网最详细 REDMI Watch 6 首发开箱体验！功能全面 流畅的不像红米手表！,https://www.bilibili.com/video/BV1svsnzjEdo/
119,创意区,摄影师云飞,10,10-23,REDMI K90 Pro Max 首发开箱分享！除了音质，照片视频也挺强？,https://www.bilibili.com/video/BV1xwsLzeEVj/
120,创意区,★⑥檤轮囬★,1,10小时前,我找到了10年没见的“妹妹”,https://www.bilibili.com/video/BV1rZUwBwEgs/
121,创意区,★⑥檤轮囬★,2,11-08,34岁老二次元？,https://www.bilibili.com/video/BV1qb1QBWEqM/
122,创意区,★⑥檤轮囬★,3,11-05,书中自有黄金屋,https://www.bilibili.com/video/BV1NP1sBoEKS/
123,创意区,★⑥檤轮囬★,4,11-01,一年之期已到！,https://www.bilibili.com/video/BV1F61jBFE4r/
124,创意区,★⑥檤轮囬★,5,10-10,老婆，别杀我！,https://www.bilibili.com/video/BV1YDxCztERj/
125,创意区,★⑥檤轮囬★,6,10-05,女装大佬？？？,https://www.bilibili.com/video/BV1fixazMEHm/
126,创意区,★⑥檤轮囬★,7,08-31,我的后半生,https://www.bilibili.com/video/BV1VFaGz9Eke/
127,创意区,★⑥檤轮囬★,8,08-24,我的前半生,https://www.bilibili.com/video/BV1bEeJzrEDs/
128,创意区,★⑥檤轮囬★,9,07-30,把美少女搞抽象！！！,https://www.bilibili.com/video/BV11MhwzCErS/
129,创意区,★⑥檤轮囬★,10,07-06,改,https://www.bilibili.com/video/BV1QV3RzHEwP/
130,创意区,唯一讲述者,1,3小时前,高市早苗疯狂挑衅中国赌国运？公关：你了不起！你清高！,https://www.bilibili.com/video/BV1n2UNBTEAK/
131,创意区,唯一讲述者,2,11-20,新东方俞敏洪在南极给上班员工发内部信：鸡汤这玩意还是得少喝……,https://www.bilibili.com/video/BV1qdyABmEwV/
132,创意区,唯一讲述者,3,11-18,影视飓风因整活被骂上热搜：某些媒体还是太权威了！,https://www.bilibili.com/video/BV1pAy5BXEds/
133,创意区,唯一讲述者,4,11-16,九阳哈基米南北绿豆：硬刚极端群体居然没翻车？,https://www.bilibili.com/video/BV17vCXBHECZ/
134,创意区,唯一讲述者,5,11-14,繁花王家卫与古二之争：打工人一怒连上半月热搜？！,https://www.bilibili.com/video/BV1zLCgBNEJt/
135,创意区,唯一讲述者,6,11-12,小鹏机器人争议：小鹏的公关强了好几个西贝！,https://www.bilibili.com/video/BV1DtC7BgEej/
136,创意区,唯一讲述者,7,11-07,蒲熠星通告费封杀事件：和芒果台的隔空气博弈能赢吗？！,https://www.bilibili.com/video/BV1cZ2gB7E4i/
137,创意区,唯一讲述者,8,11-03,理想mega起火爆燃道歉召回：没解决自燃，但自爆了……,https://www.bilibili.com/video/BV1TP1iBxEFn/
138,创意区,唯一讲述者,9,10-30,西贝活虫事件登顶热搜：公关终于干人事了？！,https://www.bilibili.com/video/BV1KayYB2EHq/
139,创意区,唯一讲述者,10,10-25,加多宝王老吉再开再打公关战：这次我不会再输了啊混蛋！,https://www.bilibili.com/video/BV1zdsozBELj/
140,运动区,闫帅奇,1,11-21,第一次徒步居然干掉9个汉堡！难忘绝美海岸线徒步｜七大望东七娘山大雁顶望朗归东涌,https://www.bilibili.com/video/BV1PqU5BNEsc/
141,运动区,闫帅奇,2,11-10,健身情侣挑战人生第一座雪山，结果？【奥太娜雪山】,https://www.bilibili.com/video/BV1J3kfBuEmt/
142,运动区,闫帅奇,3,10-24,入睡困难、半夜总醒，99%的人都犯了这1个错。,https://www.bilibili.com/video/BV13qs7zEEgr/
143,运动区,闫帅奇,4,10-20,我试了外网上亿播放同款外骨骼，下巴惊掉了！,https://www.bilibili.com/video/BV1M1W1zXEba/
144,运动区,闫帅奇,5,09-24,人生第一座雪山，翻车了【哈巴雪山全记录】,https://www.bilibili.com/video/BV1riJQzEEie/
145,运动区,闫帅奇,6,09-16,爬雪山前做体检，竟发现内脏脂肪偏高！我体脂率是？,https://www.bilibili.com/video/BV14rp2znEVL/
146,运动区,闫帅奇,7,09-06,【高精力Vs低精力区别】如何提升精力？,https://www.bilibili.com/video/BV1VAaqzZEXj/
147,运动区,闫帅奇,8,08-15,用《大展鸿图》跳健身操？这是什么操作？？,https://www.bilibili.com/video/BV1gqbkzFEPZ/
148,运动区,闫帅奇,9,08-08,菠萝改善体液味道?吃什么让自己更好闻?如何去班味?,https://www.bilibili.com/video/BV1QetmzkEor/
149,运动区,闫帅奇,10,08-01,睡觉、运动中抽筋，不只是缺钙！附快速改善,https://www.bilibili.com/video/BV1ePhJzgEpz/
150,运动区,北美运动学博士Bruce_PhD,1,11-15,我给外国职业拳手观赏了赵鸿刚扇耳光和鸽舞缘通背拳……,https://www.bilibili.com/video/BV1mdCTBgELn/
151,运动区,北美运动学博士Bruce_PhD,2,10-23,从走路困难到硬拉300kg，我是如何恢复腰突的｜含详细计划｜运动学博士的深度解析,https://www.bilibili.com/video/BV18jsqzeEUU/
152,运动区,北美运动学博士Bruce_PhD,3,10-04,【全网最详细】一口气讲完如何增宽肩膀5cm｜含详细计划｜运动学博士的深度解析【哔需练练】,https://www.bilibili.com/video/BV1AgxHzjEvb/
153,运动区,北美运动学博士Bruce_PhD,4,09-11,戒奖励，我是如何做到的｜健身要禁X吗？运动学博士教你如何重塑人生,https://www.bilibili.com/video/BV1f9HmzTEEV/
154,运动区,北美运动学博士Bruce_PhD,5,08-02,独家｜北美运动学博士深度分析堂主体检报告,https://www.bilibili.com/video/BV12dh4zmE31/
155,运动区,北美运动学博士Bruce_PhD,6,07-12,微胖圈传来噩耗!?运动学博士锐评胃袋恶魔良子,https://www.bilibili.com/video/BV1o5u5zrECe/
156,运动区,北美运动学博士Bruce_PhD,7,06-24,最强黄种人彻底报废？运动学博士深度锐评刘锐深蹲断手,https://www.bilibili.com/video/BV1GFKizDEjt/
157,运动区,北美运动学博士Bruce_PhD,8,05-30,一口气讲完六大鱼油谣言｜99%的人都中招!!运动学博士的深度解析,https://www.bilibili.com/video/BV1Bh7JzyE8L/
158,运动区,北美运动学博士Bruce_PhD,9,05-11,大重量硬拉瞬间瘫软!!运动学博士深度锐评龟背硬拉(含自救指南),https://www.bilibili.com/video/BV1UQ5czqEpZ/
159,运动区,北美运动学博士Bruce_PhD,10,04-11,一口气讲完所有训练分化! 你适合哪一种?【含9份详细计划】运动学博士的深度科普,https://www.bilibili.com/video/BV1vUd1YAEcv/
160,游戏区,怕上火暴王老菊,1,昨天,王老菊教你回溯剑法,https://www.bilibili.com/video/BV18fUHBAE49/
161,游戏区,怕上火暴王老菊,2,11-20,王老菊教你三刀攮死,https://www.bilibili.com/video/BV18CynBSETH/
162,游戏区,怕上火暴王老菊,3,11-10,王老菊教你推币仙人,https://www.bilibili.com/video/BV16dkSBjEDk/
163,游戏区,怕上火暴王老菊,4,11-07,王老菊教你探索末日,https://www.bilibili.com/video/BV1Cq2wBZE3Y/
164,游戏区,怕上火暴王老菊,5,11-02,王老菊教你密室糕手,https://www.bilibili.com/video/BV1Xt1FBAEJZ/
165,游戏区,怕上火暴王老菊,6,10-23,王老菊教你火星跑腿,https://www.bilibili.com/video/BV1hXsvzcEpD/
166,游戏区,怕上火暴王老菊,7,10-20,王老菊教你紫皮陀螺,https://www.bilibili.com/video/BV1NSsKz6Evp/
167,游戏区,怕上火暴王老菊,8,10-16,王老菊教你勇敢鸭鸭,https://www.bilibili.com/video/BV1Bv4iz7E7i/
168,游戏区,怕上火暴王老菊,9,10-10,王老菊教你爆金币,https://www.bilibili.com/video/BV1nJx2zjEBg/
169,游戏区,怕上火暴王老菊,10,10-05,王老菊叫你统治鼠鼠,https://www.bilibili.com/video/BV12WnyzTETw/
170,游戏区,龙崎棒棒糖,1,09-05,机甲不一定需要驾驶《机甲战魔 神话之裔》评测,https://www.bilibili.com/video/BV1bYawznEsB/
171,游戏区,龙崎棒棒糖,2,05-19,我为大唐复国土！大唐说我叛徒？,https://www.bilibili.com/video/BV15uERz6Eko/
172,游戏区,龙崎棒棒糖,3,04-30,医生，我嘴里长了颗树，还有救吗？《明末：渊虚之羽》故事解析,https://www.bilibili.com/video/BV16zGbzaERW/
173,游戏区,龙崎棒棒糖,4,04-07,活着，只为在旅途终点一死。,https://www.bilibili.com/video/BV1HbRUYSEUk/
174,游戏区,龙崎棒棒糖,5,03-21,碰到怪就吸血？怪猎荒野回血大法心得分享,https://www.bilibili.com/video/BV1SwXrYKEe5/
175,游戏区,龙崎棒棒糖,6,03-04,大炮打蚊子？英特尔U7 265K救得了怪猎荒野吗？,https://www.bilibili.com/video/BV1Wk9EYvEUJ/
176,游戏区,龙崎棒棒糖,7,2024-12-09,到底是人是鬼？一试便知《燕云十六声》终测试玩,https://www.bilibili.com/video/BV1UYqPY4EUf/
177,游戏区,龙崎棒棒糖,8,2024-12-01,人类灭绝后，反而成了神？《荒野起源》首曝PV剧情猜想,https://www.bilibili.com/video/BV1RuzHY9EYt/
178,游戏区,龙崎棒棒糖,9,2024-09-25,千万世的豪赌，箍困不住他吗？《黑神话悟空》世界观故事-果篇2（西行起因+黄风岭）,https://www.bilibili.com/video/BV1MLsmevEYw/
179,游戏区,龙崎棒棒糖,10,2024-09-23,神佛饮血吗？《黑神话：悟空》上古故事-果篇1,https://www.bilibili.com/video/BV141t5e2E4V/
180,游戏区,龙四爷攻略组,1,昨天,原神6.2月之三抽卡推荐,https://www.bilibili.com/video/BV1xgUsBYEJP/
181,游戏区,龙四爷攻略组,2,11-21,鸣潮千咲全面测评,https://www.bilibili.com/video/BV1UHyMBjEn2/
182,游戏区,龙四爷攻略组,3,11-06,绝区零伊德海莉全面测评,https://www.bilibili.com/video/BV1FB1ZBkE5g/
183,游戏区,龙四爷攻略组,4,10-31,鸣潮仇远全面测评,https://www.bilibili.com/video/BV1eL1TBsERJ/
184,游戏区,龙四爷攻略组,5,10-23,原神奈芙尔手法和后续抽卡规划,https://www.bilibili.com/video/BV1WxsGznEuR/
185,游戏区,龙四爷攻略组,6,10-23,原神奈芙尔全面测评,https://www.bilibili.com/video/BV1c3sVzSEn1/
186,游戏区,龙四爷攻略组,7,10-16,绝区零卢西娅全面测评,https://www.bilibili.com/video/BV1kiWYzgEqD/
187,游戏区,龙四爷攻略组,8,10-11,原神月之二6.1版本抽卡推荐,https://www.bilibili.com/video/BV1Se4xzuEMq/
188,游戏区,龙四爷攻略组,9,10-10,鸣潮嘉贝莉娜全面测评,https://www.bilibili.com/video/BV17x4EzaEKx/
189,游戏区,龙四爷攻略组,10,10-01,原神菲林斯全面测评,https://www.bilibili.com/video/BV1eiHHz9E8X/
190,游戏区,Leah莉娅又迟到啦,1,4小时前,米哈游新作《Varsapura》曝光！颠覆印象的画风和世界观，会是下一个爆款嘛？！,https://www.bilibili.com/video/BV1nkUABwEUg/
191,游戏区,Leah莉娅又迟到啦,2,昨天,原神6.2月之三抽卡建议！杜林与希诺宁对比，牛牛还值得抽吗？,https://www.bilibili.com/video/BV1gdUHBNEZy/
192,游戏区,Leah莉娅又迟到啦,3,11-16,6.1月之二新深渊满星教学！草行久+纳塔战舰，无挪德卡莱角色也能轻松满星！,https://www.bilibili.com/video/BV16iC3BzEFJ/
193,游戏区,Leah莉娅又迟到啦,4,11-14,初恋就“被小四”了，但我还是原谅她了？！,https://www.bilibili.com/video/BV11MCABdEbn/
194,游戏区,Leah莉娅又迟到啦,5,11-08,“我见过很多非酋，他们都管我叫非酋”,https://www.bilibili.com/video/BV1Xp1XB7Exc/
195,游戏区,Leah莉娅又迟到啦,6,11-03,【逃离鸭科夫】萌新爆笑开荒实况（更新中）,https://www.bilibili.com/video/BV1MZ1cBaEgt/
196,游戏区,Leah莉娅又迟到啦,7,11-01,谁说玩原神的女生少？女粉xp交流会！,https://www.bilibili.com/video/BV1cT1uBzEek/
197,游戏区,Leah莉娅又迟到啦,8,10-31,恋爱后交流变少了，是正常现象吗？,https://www.bilibili.com/video/BV1DyyeBxEEu/
198,游戏区,Leah莉娅又迟到啦,9,10-29,6.1幽境危战难度5攻略，6个平民阵容推荐！无诺德卡莱人也能轻松通关！,https://www.bilibili.com/video/BV1LCyBBCEnr/
199,游戏区,Leah莉娅又迟到啦,10,10-28,抽精5送精5，双刀流芙芙你见过吗？！,https://www.bilibili.com/video/BV1KKsSzfEh1/
200,游戏区,月爱,1,昨天,【巅峰数据排行134】装备也有高低贵贱？超过半数英雄都要出ta！,https://www.bilibili.com/video/BV1RbUsBJEUG/
201,游戏区,月爱,2,11-20,删了三天也无人在意,https://www.bilibili.com/video/BV18KywBAEjf/
202,游戏区,月爱,3,11-18,【巅峰数据排行133】神秘中单法王来袭,https://www.bilibili.com/video/BV1iuygBAEFo/
203,游戏区,月爱,4,11-15,【王者皮肤排行09】“欢迎来到对抗路！”,https://www.bilibili.com/video/BV16gCgBBESb/
204,游戏区,月爱,5,11-13,问了吗？在问了！问了吗？再问删了！,https://www.bilibili.com/video/BV1g6CxBPEW5/
205,游戏区,月爱,6,11-08,【巅峰数据排行132】“来个小明 我带飞！”,https://www.bilibili.com/video/BV1u41XByEFn/
206,游戏区,月爱,7,11-06,哭弱英雄千千万，哭强英雄你见过吗？,https://www.bilibili.com/video/BV1q12FB1EPT/
207,游戏区,月爱,8,11-04,【巅峰数据排行131】李白平A4下后 是无敌的,https://www.bilibili.com/video/BV15F1yBcEpK/
208,游戏区,月爱,9,10-31,【荣耀梯度排行66】和我的5A级连招说去吧！,https://www.bilibili.com/video/BV1Mw1KBLE9Q/
209,游戏区,月爱,10,10-25,【巅峰数据排行130】各分路场均击杀最多和最少的分别是谁？,https://www.bilibili.com/video/BV1UQsdzHEPx/
210,游戏区,刀客阿林,1,10小时前,鲷哥逮住机会爽喷弹幕“XinQ纯大处”“Ame把风气带歪了”,https://www.bilibili.com/video/BV14XUPBVEwC/
211,游戏区,刀客阿林,2,11-20,鸡哥再次休眠，要去医院看痔疮，已经严重影响到生活了🙏🙏,https://www.bilibili.com/video/BV1m5yPBvE9f/
212,游戏区,刀客阿林,3,11-20,川神：孙正和果小果在一起挺梦幻的，两个人年纪都大；小仙女之间亦有差距！,https://www.bilibili.com/video/BV1JrCfBrE17/
213,游戏区,刀客阿林,4,11-20,鲷哥复盘【谢彬被打成骨折】是谁的锅，得出结论：右手+霸气+川神,https://www.bilibili.com/video/BV111CdB3EW7/
214,游戏区,刀客阿林,5,11-20,XG未进淘汰赛，首秀失败，解说一片哀嚎！,https://www.bilibili.com/video/BV1P3CZBVEd6/
215,游戏区,刀客阿林,6,11-19,节奏总结：鲷哥如何一步步深陷【蚂蚁黯灭电锤】风波，Ame太坏了！,https://www.bilibili.com/video/BV1ZyyJBFEYn/
216,游戏区,刀客阿林,7,11-18,XinQ被踢的原因找到了！Ame飞机被屠夫勾进四塔，XinQ坚决不救！,https://www.bilibili.com/video/BV1ETCBB5EzL/
217,游戏区,刀客阿林,8,11-16,三个毛黑火力太猛！XinQ顶不住了！【XinQ超哥查猪皮鞋连麦】,https://www.bilibili.com/video/BV1EvCXBHEpE/
218,游戏区,刀客阿林,9,11-16,鸡哥骗玄月回答“蚂蚁电锤黯灭”玄月一听是XinQ直接跪下了,https://www.bilibili.com/video/BV1fVC9BsEfT/
219,游戏区,刀客阿林,10,11-16,谢彬接任务，送上门给川神揉捏,https://www.bilibili.com/video/BV1TZCXBiE3y/
220,游戏区,青木菌Aoki,1,昨天,老陈深夜躺着大发战争财 孙正1.0 2.0 3.0打起来了 菜哥畅想下次户外带果小果孙正战fg了,https://www.bilibili.com/video/BV1Q4UEB4ERC/
221,游戏区,青木菌Aoki,2,11-19,Nigma千军万马只取森哥人头 各种变态操作逗乐四解说兄弟 XG 2:0 Nigma,https://www.bilibili.com/video/BV12GyVBoEmW/
222,游戏区,青木菌Aoki,3,11-19,XXS兽冲4个 森哥钩3个 XG炸裂团战翻盘Nigma 1-2是有原因的,https://www.bilibili.com/video/BV1Juy5BUE2c/
223,游戏区,青木菌Aoki,4,11-16,老陈直播间SC二重奏 节目效果爆炸 睡不着去买水弄醒阿飞 阿飞开车除三害,https://www.bilibili.com/video/BV1t3CDBFELX/
224,游戏区,青木菌Aoki,5,11-16,老蔡阿飞爆笑帐篷PK 谁输谁念对方的高能弹幕 World be how young,https://www.bilibili.com/video/BV1s3CUBHEoE/
225,游戏区,青木菌Aoki,6,11-16,老陈：我睡着了没有任何东西能吵醒我 然后各种爆笑SC狂轰滥炸 一阶段,https://www.bilibili.com/video/BV1JxCDBSEyM/
226,游戏区,青木菌Aoki,7,11-16,转盘选房 马厩三兄弟一发入魂 一切都是最好的安排,https://www.bilibili.com/video/BV1ScC2BnEW1/
227,游戏区,青木菌Aoki,8,11-15,Ame蝴蝶臂章开了黑血猛吸 莫言帕克无限死仍游龙 XG翻盘Peru 子星队安勿念,https://www.bilibili.com/video/BV12UC2BEEqN/
228,游戏区,青木菌Aoki,9,11-15,新XG首胜 Ame蝴蝶龙骑输出爆炸 森哥海民秀 XG1：1Peru,https://www.bilibili.com/video/BV195CmB8ELE/
229,游戏区,青木菌Aoki,10,11-15,谢彬：昨天蔡哥被我按在了床上 双猪甜蜜早起时刻 谢彬回吻老蔡,https://www.bilibili.com/video/BV1eUC1BbEQP/
230,游戏区,dogsama,1,昨天,从溃败到反攻，一口气看完《胜利女神》半周年全部剧情,https://www.bilibili.com/video/BV1udUHBNEZx/
231,游戏区,dogsama,2,11-21,谁家看板娘这么甜，旮旯GAME里就是这样的！《战双帕弥什》心语任务行至时间彼岸剧情,https://www.bilibili.com/video/BV1K2UVBuEk4/
232,游戏区,dogsama,3,11-20,惊天大瓜！文明或许才是来者！ 《鸣潮 2.8》剧情深度解读,https://www.bilibili.com/video/BV13cywBiEQy/
233,游戏区,dogsama,4,11-19,番剧型剧情，超人级足球《闪电十一人 英雄们的胜利之路》究竟怎么样？,https://www.bilibili.com/video/BV1S6ynBQE8e/
234,游戏区,dogsama,5,11-17,桐生一马的前半生，人中之龙 极1&2登陆NS2，26年2月极3发售！,https://www.bilibili.com/video/BV1U9CaBmERc/
235,游戏区,dogsama,6,11-15,窃取世界，病毒污染，生化飞升新时代《使命召唤 黑色行动7》讲了一个什么故事,https://www.bilibili.com/video/BV1cQCyBBE2V/
236,游戏区,dogsama,7,11-13,这样做的游戏才好玩，歧路旅人发力了，这次的0真的是集大成者了！《歧路旅人0》试玩版评测,https://www.bilibili.com/video/BV1DJC4BiE9Q/
237,游戏区,dogsama,8,11-09,灭杀黑龙，新老接替，忍龙迎来新时代《忍者龙剑传4》究竟讲了一个什么故事,https://www.bilibili.com/video/BV1gc1QBCE9W/
238,游戏区,dogsama,9,11-08,真灵笼兄弟篇，这游戏能玩吗?《凡应》保密测试优缺点感受！,https://www.bilibili.com/video/BV1wE1QBwEoD/
239,游戏区,dogsama,10,11-07,真的太萌了，爱宠之人都可以来玩玩看！《我的小柯基》超级有爱!,https://www.bilibili.com/video/BV1nh2TBMEEV/
240,影视综,一条闲木鱼,1,昨天,最后通牒！年羹尧丧失了多少自救机会？【雍正王朝十级学者】第40回,https://www.bilibili.com/video/BV1HvyMBqEm1/
241,影视综,一条闲木鱼,2,11-15,将军恩情还不完？雍正为何容忍年羹尧【雍正王朝十级学者】第39回,https://www.bilibili.com/video/BV1CsCuBuEHS/
242,影视综,一条闲木鱼,3,11-08,大清没有强势太监？因为大清人人是太监！【雍正王朝十级学者】！第38回,https://www.bilibili.com/video/BV17p2gB3Eft/
243,影视综,一条闲木鱼,4,10-25,摇滚青年年羹尧，叛逆灭爸手段高！【雍正王朝十级学者】！第37回,https://www.bilibili.com/video/BV1AnsHz1EDs/
244,影视综,一条闲木鱼,5,10-18,空降领导，如何服众？年羹尧职场教学！【雍正王朝十级学者】！第36回,https://www.bilibili.com/video/BV1jcWJzoEk1/
245,影视综,一条闲木鱼,6,10-11,看透规则的本质！理解权力的游戏！雍正王朝的秘密！第35回,https://www.bilibili.com/video/BV1Pv4JzLEsN/
246,影视综,一条闲木鱼,7,10-04,选择了朋友，也就选择了敌人！雍正如何建立威信？雍正王朝的秘密！第34回,https://www.bilibili.com/video/BV1EVHLzLEmU/
247,影视综,一条闲木鱼,8,09-27,雍正为什么像暴君？追求完美所以不完美！雍正王朝的秘密！第33回,https://www.bilibili.com/video/BV1q2nGzwEuJ/
248,影视综,一条闲木鱼,9,09-13,科举舞弊？做题家震怒！王朝崩塌，从顶层开始！雍正王朝的秘密！第32回,https://www.bilibili.com/video/BV1cqHrzRECe/
249,影视综,一条闲木鱼,10,08-30,康熙无能雍正背锅！子继父业得先父债子偿！雍正王朝的秘密！第31回,https://www.bilibili.com/video/BV12thdz8EJT/
250,影视综,木鱼水心,1,11-07,一个签名，至于吗?,https://www.bilibili.com/video/BV1P32gBUEgP/
251,影视综,木鱼水心,2,11-01,他为何坚决不辞职？史上最「年轻」却最「硬核」的狠人,https://www.bilibili.com/video/BV1841uBREDP/
252,影视综,木鱼水心,3,10-28,我们迷恋的，真的是电影吗？,https://www.bilibili.com/video/BV1yuyrBYEsc/
253,影视综,木鱼水心,4,10-18,被恐怖组织写入暗杀名单，他活下来的原因，竟是对他最大的羞辱？,https://www.bilibili.com/video/BV14oW4zaEHQ/
254,影视综,木鱼水心,5,09-30,杀死一个国王，分掉290万亿！一口气读懂人类权力游戏的底层代码,https://www.bilibili.com/video/BV1jgnUzYE7w/
255,影视综,木鱼水心,6,09-25,打造最完美的「零差评」医院，竟如此简单？,https://www.bilibili.com/video/BV1UXnbzwEch/
256,影视综,木鱼水心,7,09-12,为什么有些画面，我们一辈子都忘不掉？,https://www.bilibili.com/video/BV1ciHrzxESn/
257,影视综,木鱼水心,8,09-02,5年重播3000次！「名场面制造机」《亮剑》系列回来了！,https://www.bilibili.com/video/BV16mapzhERt/
258,影视综,木鱼水心,9,08-30,看似最狗血的爱情悲剧，却藏着关于「自由」的终极答案,https://www.bilibili.com/video/BV1eqhizQENA/
259,影视综,木鱼水心,10,08-28,人类，到底能搞出多大的烂摊子？,https://www.bilibili.com/video/BV1J6hyzXEis/
260,影视综,CC琦先生,1,昨天,中国喜剧界的“扫地僧”，跨界开嗓再填惊喜！魏翔的23年励志逆袭路,https://www.bilibili.com/video/BV1UqUnBtEE3/
261,影视综,CC琦先生,2,10-27,【CC放映室】佳作！70岁老人们的奇幻冒险，《落叶归根》导演冷门好片，温情解读电影《飞越老人院》,https://www.bilibili.com/video/BV1F9s1z3ELm/
262,影视综,CC琦先生,3,10-01,【闯关东】全网最全！爆肝15w字超细解说，一口气看完年代史诗巨作《闯关东》！适合收藏陪睡~,https://www.bilibili.com/video/BV1B1HnzZEHv/
263,影视综,CC琦先生,4,09-27,【CC放映室】众星云集！15年前的搞怪武侠，竟藏了这么多彩蛋！爆笑解说经典武侠喜剧《大笑江湖》,https://www.bilibili.com/video/BV1y6nEz8ERK/
264,影视综,CC琦先生,5,09-20,【闯关东】国恨家仇！传武壮烈牺牲，朱开山手刃日本禽兽。万字精讲年代史诗巨作《闯关东》大结局,https://www.bilibili.com/video/BV1RBpXz2EQi/
265,影视综,CC琦先生,6,09-03,【CC放映室】弹棉花名场面！反差叔侄一心抗日，护送情报笑料百出！经典喜剧《巧奔妙逃》,https://www.bilibili.com/video/BV1qhagz9EUw/
266,影视综,CC琦先生,7,09-01,【闯关东】忘恩负义！一郎倒戈夺取山河煤矿，秀儿为求真爱离开朱家，万字精讲年代史诗巨作《闯关东》P13,https://www.bilibili.com/video/BV1HnaJzpEwN/
267,影视综,CC琦先生,8,08-18,【CC放映室】二十年前的经典抗日爆笑神剧，竟然有这么多细节！经典喜剧《举起手来！》,https://www.bilibili.com/video/BV1jaYxzAEEc/
268,影视综,CC琦先生,9,08-10,【CC放映室】爆哭！一只感动了全世界的狗，十年守候只为与主人重逢，高分电影《忠犬八公的故事》,https://www.bilibili.com/video/BV1rUbPzTE7f/
269,影视综,CC琦先生,10,07-27,【闯关东】我尼玛爱嫂子！一郎对秀儿展开攻势，传杰煤矿开业风波不断，万字精讲年代史诗巨作《闯关东》P12,https://www.bilibili.com/video/BV19M8izmECg/
270,影视综,开心嘴炮,1,11-21,白敬亭叫王安宇老公？！《现在就出发3》给我笑岔气了,https://www.bilibili.com/video/BV1NTyuB1Eiy/
271,影视综,开心嘴炮,2,11-18,卢浮宫是惊天魔盗团偷的？！我从未见过这么会整活的电影,https://www.bilibili.com/video/BV19dyGBBEkh/
272,影视综,开心嘴炮,3,11-14,梗上长了个探案悬疑剧！《唐朝诡事录3》全是活人在追啊！,https://www.bilibili.com/video/BV19vCtB5EbF/
273,影视综,开心嘴炮,4,11-12,别人家死七口人，你穿红衣去求婚？！逆天抽象古偶《山河枕》吐槽,https://www.bilibili.com/video/BV1VxkmBFEPn/
274,影视综,开心嘴炮,5,11-05,一档选秀引发八大平台内斗！尚雯婕也没想到这节目这么大胆！,https://www.bilibili.com/video/BV1N71HBnE4e/
275,影视综,开心嘴炮,6,10-30,偶像剧应该怎么拍？明道给你指条明道,https://www.bilibili.com/video/BV1Sqy8ByEtP/
276,影视综,开心嘴炮,7,10-28,武侠剧终于有江湖感了！龚俊《暗河传》给我看燃了！嗑疯了！,https://www.bilibili.com/video/BV1SQyBBTEQe/
277,影视综,开心嘴炮,8,10-25,《再见爱人》史上第一次有人真退出！！rapper翻红之路差点黄了,https://www.bilibili.com/video/BV1htsozoEio/
278,影视综,开心嘴炮,9,10-18,离婚综艺终于癫成了rapper想要的样子！《再见爱人5》重磅开吵,https://www.bilibili.com/video/BV1cyWxzQEAq/
279,影视综,开心嘴炮,10,10-18,努力了两辈子，男主终于转正了！！爆笑解说姐狗cp跨世奇恋！,https://www.bilibili.com/video/BV18zWpztEny/
280,影视综,前进四放映室,1,11-21,中国文艺界为啥老出“汉奸”？咱们给你往祖坟上刨！ 下集,https://www.bilibili.com/video/BV1LaULB4ErY/
281,影视综,前进四放映室,2,11-18,全网最坦诚的渣男访谈 上集,https://www.bilibili.com/video/BV1jgyGBgESn/
282,影视综,前进四放映室,3,11-14,江西婚礼复盘总结,https://www.bilibili.com/video/BV1vrCuBtEj9/
283,影视综,前进四放映室,4,11-11,拜师深圳单王，看看一天能挣多少？美团社保补贴真的有用吗？,https://www.bilibili.com/video/BV1jNkrBJEZv/
284,影视综,前进四放映室,5,11-09,打破想象？！走入未来的AR眼镜是什么样的？VITURE Luma系列上手体验,https://www.bilibili.com/video/BV1egkXByEBx/
285,影视综,前进四放映室,6,10-26,杨振宁眼中的那十年。当时的美籍华人科学家在美国如何评价所谓的“十年”,https://www.bilibili.com/video/BV1iYxNzxEVQ/
286,影视综,前进四放映室,7,10-19,中国文艺界为啥老出“汉奸”？咱们给你往祖坟上刨！ 上集,https://www.bilibili.com/video/BV1Y8sPz1Ewt/
287,影视综,前进四放映室,8,10-18,【自费】最强 VS 超强 VS 巨强！V米果旗舰比拼谁最露脸？,https://www.bilibili.com/video/BV1LKWHzwEst/
288,影视综,前进四放映室,9,10-05,看电影懂中国（二）·1913—1922：勃勃生机万物竞发？,https://www.bilibili.com/video/BV1MaxMz9ERa/
289,影视综,前进四放映室,10,09-28,小米VSiPhone 全面迎战？谁才是真ProMax！自费无恰饭！,https://www.bilibili.com/video/BV1KMnfz1ErW/
290,数分,不知渭河-数据分析版,1,11-16,新手/转行数据分析师每天都是杂活怎么办？,https://www.bilibili.com/video/BV1onCdBtE1Z/
291,数分,不知渭河-数据分析版,2,11-01,数据分析案例实践-如何制定一个评分体系？,https://www.bilibili.com/video/BV1y91LBhEw4/
292,数分,不知渭河-数据分析版,3,10-25,别傻了，数据分析师其实并不承担分析决策的能力,https://www.bilibili.com/video/BV1NAsfzXEZV/
293,数分,不知渭河-数据分析版,4,08-24,数据分析师26届秋招求职攻略,https://www.bilibili.com/video/BV18xeHzyEcm/
294,数分,不知渭河-数据分析版,5,08-11,在数据分析转行的路上，希望你没有因为这个花太多时间,https://www.bilibili.com/video/BV1j6bNzaEx1/
295,数分,不知渭河-数据分析版,6,07-13,低能量人为什么不适合进互联网大厂,https://www.bilibili.com/video/BV1Suuwz4E52/
296,数分,不知渭河-数据分析版,7,04-29,为什么互联网数据分析师的活是干不完的？,https://www.bilibili.com/video/BV1YdLmz5Ecs/
297,数分,不知渭河-数据分析版,8,04-07,如果从一开始就用AI学习数据分析……,https://www.bilibili.com/video/BV1DZZUY6Exq/
298,数分,不知渭河-数据分析版,9,03-29,为什么越来越多的岗位要求垂类经验？如何破局？,https://www.bilibili.com/video/BV1m6ZwYiEPg/
299,数分,不知渭河-数据分析版,10,03-09,数据分析师的风向有点变了,https://www.bilibili.com/video/BV1a8R4YzEQo/
