category,author,rank,publish_date,title,url
超优质,小Lin说,1,11-14,GDP是会骗人的 | 一口气了解GDP,https://www.bilibili.com/video/BV1EjCgBeEn5/
超优质,小Lin说,2,10-25,那些被制裁最最严重的国家，都怎么样了?,https://www.bilibili.com/video/BV1qVsRzbEQ2/
超优质,小Lin说,3,10-15,"全球乱跑的""最贵""视频，看我发现了什么…？",https://www.bilibili.com/video/BV1wK4vznEW3/
超优质,小Lin说,4,10-12,美元暴跌的背后...,https://www.bilibili.com/video/BV14U4uzRE1X/
超优质,小Lin说,5,09-16,一口气了解伊朗经济,https://www.bilibili.com/video/BV1MEp1z7EAx/
超优质,小Lin说,6,08-29,"中国经济2025 (小结, 简单聊聊)",https://www.bilibili.com/video/BV1A3hRzpEY5/
超优质,小Lin说,7,08-19,期货，为什么总是拉爆债市、股市、油价？ 资本世界的多空大战有多凶残...,https://www.bilibili.com/video/BV12YeczEE6x/
超优质,小Lin说,8,08-11,机器人，真的要来了么...？,https://www.bilibili.com/video/BV1AcbVzwEEc/
超优质,小Lin说,9,07-31,"什么是""金融赌场""，它背后有什么秘密？",https://www.bilibili.com/video/BV1ZG8kzuEnD/
超优质,小Lin说,10,07-15,一口气了解稳定币,https://www.bilibili.com/video/BV1SquEzGERq/
超优质,小Lin竖着说,1,12-03,退休之后，到底能领多少养老金？,https://www.bilibili.com/video/BV1P3SkBSEVJ/
超优质,小Lin竖着说,2,12-01,香港大火背后：高层住宅困局怎么解？,https://www.bilibili.com/video/BV1gnSCBaEGR/
超优质,小Lin竖着说,3,11-28,"星巴克中国""卖身""，9.9的时代要来了吗？",https://www.bilibili.com/video/BV1HTSLBqE44/
超优质,小Lin竖着说,4,11-23,中美谈判桌上的新玩家，竟然是...?,https://www.bilibili.com/video/BV1TFUpBaExm/
超优质,小Lin竖着说,5,11-09,一边骂烂俗一边追更，短剧凭什么让各国人停不下来？,https://www.bilibili.com/video/BV1pD1mBXEhc/
超优质,小Lin竖着说,6,11-05,超市圈老大哥的商业秘密... (不是广告，放心看吧~),https://www.bilibili.com/video/BV1UL1WBbETX/
超优质,小Lin竖着说,7,10-31,今天来聊聊A股，最近为什么支棱起来了？,https://www.bilibili.com/video/BV1kc1uBkEtL/
超优质,小Lin竖着说,8,10-30,来了趟大东北，发现大米竟然还能...?,https://www.bilibili.com/video/BV139yhBXEyT/
超优质,小Lin竖着说,9,10-23,"关税""吵""得火热，实际影响是...?",https://www.bilibili.com/video/BV1ADsBzFE8q/
超优质,小Lin竖着说,10,09-30,中美AI芯片博弈啥情况？国产芯片到底能达到什么水平？,https://www.bilibili.com/video/BV1Ern2zeEqy/
超优质,罗永浩的十字路口,1,12-02,“罗永浩的十字路口”之年度科技创新分享大会（2025）将于今年12月30日在上海召开。,https://www.bilibili.com/video/BV1ttSpBTEZo/
超优质,罗永浩的十字路口,2,11-28,【正片】导演毕赣×罗永浩！清醒、深刻、独一无二的造梦者,https://www.bilibili.com/video/BV1ECSuBUEqt/
超优质,罗永浩的十字路口,3,11-26,在这个极具电影感的场景中，侯孝贤对毕赣说了什么？11 月 27 日中午 12 点，听毕赣导演揭秘大师之间的对话。,https://www.bilibili.com/video/BV1XCUbBxEKU/
超优质,罗永浩的十字路口,4,11-26,这是一个令人动容的故事，讲述那些温暖的人如何因为电影而被联系在一起。11 月 27 日中午 12 点，听毕赣导演聊聊，为什么这是他录音师“最美好的回忆”。,https://www.bilibili.com/video/BV1UDUbBDEWS/
超优质,罗永浩的十字路口,5,11-26,访谈过程里，我一直在不厌其烦地啰嗦相似的话，但这都是发自内心的和下意识的。11 月 27 日中午 12 点，看完节目之后你会明白为什么毕赣导演让我如此激动。,https://www.bilibili.com/video/BV1tDUbBQEds/
超优质,罗永浩的十字路口,6,11-20,【正片】何同学×罗永浩！青年何同学的骄傲与烦恼,https://www.bilibili.com/video/BV1G7yGBvEqs/
超优质,罗永浩的十字路口,7,11-11,【正片】魔术大师刘谦×罗永浩！你所不知道的刘谦,https://www.bilibili.com/video/BV1dqkZBhEz3/
超优质,罗永浩的十字路口,8,11-05,一个视频讲清楚，为什么叫净烟机不叫油烟机。,https://www.bilibili.com/video/BV1Yv17BHEUi/
超优质,罗永浩的十字路口,9,11-05,究竟是什么新玩意，解决了我想吃口热锅现炒的难题？,https://www.bilibili.com/video/BV1sY1EBkE9U/
超优质,罗永浩的十字路口,10,10-29,【正片】贾樟柯×罗永浩！成为贾樟柯（上）,https://www.bilibili.com/video/BV1tWyyBDEmE/
超优质,稚晖君,1,10-28,【灵犀X2】有灵创学得就是快，当机器人开始跳机械舞～,https://www.bilibili.com/video/BV1QtyzBkEXZ/
超优质,稚晖君,2,10-24,【灵创平台】不用写代码，也能训练机器人？全球首个0代码创作平台来了！,https://www.bilibili.com/video/BV1dhsJzFESF/
超优质,稚晖君,3,09-28,【开发日记】灵犀现学现卖，又是被X2可爱到的一天～,https://www.bilibili.com/video/BV1ELnRzWEaW/
超优质,稚晖君,4,09-18,【灵犀X2】它快要学会人类的一切动作了...（好努力一机器人）,https://www.bilibili.com/video/BV1eMpizAEcg/
超优质,稚晖君,5,08-27,拆解未来，灵犀X2-W原型机渲染细节,https://www.bilibili.com/video/BV1u2e1zEEPf/
超优质,稚晖君,6,08-21,【硬核】新灵犀将以轮臂形态出击，X2-W作业智能机器人,https://www.bilibili.com/video/BV1w2Y9z4EWb/
超优质,稚晖君,7,07-05,【硬核】运动智能新物种：灵犀X2-N成长记录~,https://www.bilibili.com/video/BV13p3mzAELS/
超优质,稚晖君,8,05-16,【硬核】灵犀DLC：X2学会新技能了！,https://www.bilibili.com/video/BV1pmEJzoEYf/
超优质,稚晖君,9,03-11,【硬核】我们造了一个跟人一样灵动的机器人！,https://www.bilibili.com/video/BV1JYRjYoEzE/
超优质,稚晖君,10,2024-08-18,2024智元年度新品发布会全程回顾,https://www.bilibili.com/video/BV1xU411U7PW/
超优质,影视飓风,1,10小时前,去了一趟澳洲-昆士兰,https://www.bilibili.com/video/BV1V32RB4E2a/
超优质,影视飓风,2,12-05,硬刚索尼？22999元佳能C50上手,https://www.bilibili.com/video/BV1ST2jB1EUQ/
超优质,影视飓风,3,12-02,全力一击？索尼A7M5上手,https://www.bilibili.com/video/BV1rUSsB8EYD/
超优质,影视飓风,4,11-30,【杜比视界】拍拍中国的盐,https://www.bilibili.com/video/BV1f4ScB4Efz/
超优质,影视飓风,5,11-28,AI可以取代我，那我的意义是？,https://www.bilibili.com/video/BV1QMSjBREzr/
超优质,影视飓风,6,11-18,英雄联盟总决赛，他们耳机里到底在听什么？,https://www.bilibili.com/video/BV1uDCrBkEiw/
超优质,影视飓风,7,11-15,关于影视飓风近期舆情,https://www.bilibili.com/video/BV16YC3BrEDz/
超优质,影视飓风,8,11-13,可变光圈？大疆Action 6运动相机上手,https://www.bilibili.com/video/BV1yQCxBREZP/
超优质,影视飓风,9,11-12,从没想过的问题？！影视飓风1400万粉丝Q&A！,https://www.bilibili.com/video/BV1TZk2BEEdz/
超优质,影视飓风,10,11-03,用生命做视频？00后的博主都在做什么？,https://www.bilibili.com/video/BV1eU1vBiEqh/
超优质,亿点点不一样,1,12-01,我们拍到了大白鲨！,https://www.bilibili.com/video/BV1YWSiBjEZ2/
超优质,亿点点不一样,2,11-19,动态视频｜先烂后死？刚死的大闸蟹能吃吗？,https://www.bilibili.com/video/BV1aYyEBUELt/
超优质,亿点点不一样,3,11-07,实弹测试！防弹衣能挡住多快的子弹？,https://www.bilibili.com/video/BV1mr2MBJEiA/
超优质,亿点点不一样,4,10-31,实拍！癌症是怎么被机器人切除的？,https://www.bilibili.com/video/BV1tm1KByEDX/
超优质,亿点点不一样,5,10-17,在膝盖上钻洞？我们拍下了骨科手术全过程！,https://www.bilibili.com/video/BV1MoW7zrEsc/
超优质,亿点点不一样,6,09-25,1秒变色是特效？这才是变色龙真正的变色过程！,https://www.bilibili.com/video/BV1Cfn4zJEyR/
超优质,亿点点不一样,7,09-19,连续3天不卸妆，我的皮肤发生了什么……,https://www.bilibili.com/video/BV1KQW3zDE36/
超优质,亿点点不一样,8,09-04,亲身实测！熬夜48小时，我的身体出现了变化……,https://www.bilibili.com/video/BV1SLaUzEEdB/
超优质,亿点点不一样,9,08-31,世界各地的人，是如何擦屁股的？,https://www.bilibili.com/video/BV1jAhkzgEGt/
超优质,亿点点不一样,10,08-15,实拍21天孵化全过程！鸡是怎么来的？,https://www.bilibili.com/video/BV1A7bHzpEjX/
超优质,林亦LYi,1,昨天,打破苹果垄断？Mate 80如何破局手机直播,https://www.bilibili.com/video/BV1z729BYEde/
超优质,林亦LYi,2,11-29,决战A股！全公司AI炒股一个月，谁会杀出重围？,https://www.bilibili.com/video/BV18HUZBPE5w/
超优质,林亦LYi,3,11-21,为什么“抽卡”让游戏越来越不好玩？,https://www.bilibili.com/video/BV12vUjBVEcH/
超优质,林亦LYi,4,11-14,谁偷走了我们的手机空间？,https://www.bilibili.com/video/BV1sACgBVEWK/
超优质,林亦LYi,5,11-07,为什么苹果越来越“听劝”了？,https://www.bilibili.com/video/BV1V523BiEX7/
超优质,林亦LYi,6,10-31,AI：就你叫赌怪是吧,https://www.bilibili.com/video/BV1Qk1MBREkq/
超优质,林亦LYi,7,10-23,2025了，手机AI变好用了吗？,https://www.bilibili.com/video/BV1G8sVzqEtH/
超优质,林亦LYi,8,10-20,AI：鸿蒙App开发还是我来吧,https://www.bilibili.com/video/BV1yFs3zJEhd/
超优质,林亦LYi,9,10-17,为什么eSIM这么难落地？,https://www.bilibili.com/video/BV12MWCzgENz/
超优质,林亦LYi,10,10-10,我后悔让AI看B站了...,https://www.bilibili.com/video/BV1EP4JziEwe/
超优质,青蛙刀圣1993,1,11-25,旅游打卡2000年教堂文化，一口气极速浏览教堂通识，就可以冒充导游了！,https://www.bilibili.com/video/BV1nTUrBzE1n/
超优质,青蛙刀圣1993,2,11-23,我们的语言何止是交流的工具，更是...... |揭开语言的面纱，难道真的自性本空？,https://www.bilibili.com/video/BV1AeUABqEyk/
超优质,青蛙刀圣1993,3,10-14,超级脑洞，8项奥斯卡提名，揭开语言的奥秘(上),https://www.bilibili.com/video/BV1NU4XzyEKS/
超优质,青蛙刀圣1993,4,08-02,少林CEO都被抓了，别再往功德箱里投 许愿钱 了！方丈一定会帮你超额实现的！,https://www.bilibili.com/video/BV1eNhhzuE5z/
超优质,青蛙刀圣1993,5,07-12,十字军杀了我们的人，但我放下了宗教仇恨的执着 | 萨拉丁【天国王朝(4/4)】,https://www.bilibili.com/video/BV1zmMQzDEod/
超优质,青蛙刀圣1993,6,07-05,教皇说这是上帝的战争，人性却说这是不义的杀戮【天国王朝(3/4)】,https://www.bilibili.com/video/BV1YC3DzLE4N/
超优质,青蛙刀圣1993,7,06-28,一场1000年前的无差别屠杀，挑起了耶路撒冷的战争漩涡【天国王朝(2/4)】,https://www.bilibili.com/video/BV1CjKmzBEPx/
超优质,青蛙刀圣1993,8,06-21,这部电影还原了一千年前，耶路撒冷的杀戮、仇恨与狂热【天国王朝(1/4)】,https://www.bilibili.com/video/BV1F6KczqETs/
超优质,青蛙刀圣1993,9,05-25,这就是道家？一口气解惑，极致浓缩中国2500年前的智慧(下),https://www.bilibili.com/video/BV1qNjgzmETQ/
超优质,青蛙刀圣1993,10,04-30,31岁毫无天赋，用最笨、最不科学的方法硬弹3年 | 想要学琴的你也来打卡吧！,https://www.bilibili.com/video/BV1QZGQzmEgW/
历史区,小约翰可汗,1,12-05,如何扳倒勋宗大驸马？【神奇组织43】,https://www.bilibili.com/video/BV1gd28BnETG/
历史区,小约翰可汗,2,11-19,汉祚何绝——王莽和他的超自然帝国【小约翰】,https://www.bilibili.com/video/BV14myuB7EPv/
历史区,小约翰可汗,3,11-04,左右横跳式外交之我的国家只有0.1%T【小约翰】,https://www.bilibili.com/video/BV1L11vBBEsW/
历史区,小约翰可汗,4,10-31,绩效人如何种棉花？【神奇组织42】,https://www.bilibili.com/video/BV1Diy8BLEvG/
历史区,小约翰可汗,5,10-24,谁是乌兹别克的可汗？【神奇组织41】,https://www.bilibili.com/video/BV1fps7zoE8c/
历史区,小约翰可汗,6,10-15,关于为了波多黎各独立去刺杀总统这件事【神奇组织40】,https://www.bilibili.com/video/BV1L84XzoE2a/
历史区,小约翰可汗,7,09-20,苏联第一主理人下场如何？【神奇组织39】,https://www.bilibili.com/video/BV1yDWuzkEsv/
历史区,小约翰可汗,8,09-08,苏联最好的商店是哪？【神奇组织38】,https://www.bilibili.com/video/BV1pcY7zHE8L/
历史区,小约翰可汗,9,08-26,如何把北极的冰块运到赤道？【神奇组织37】,https://www.bilibili.com/video/BV17WvwzMETQ/
历史区,小约翰可汗,10,08-12,决战“库班之王”【神奇组织36】,https://www.bilibili.com/video/BV19ztQzRESM/
历史区,渤海小吏,1,12-04,深度|| 中国古代史拐点，李隆基为什么逼哥舒翰出潼关？,https://www.bilibili.com/video/BV1TUShBRE4Z/
历史区,渤海小吏,2,11-27,安史之乱|| 盛唐梦碎！烟尘千里！渔阳鼙鼓动地来！,https://www.bilibili.com/video/BV1TpUYB4EjH/
历史区,渤海小吏,3,11-22,"【硬核】众人皆醉我独醒的""帝国撕裂师""，然后呢？",https://www.bilibili.com/video/BV1oaULB4E2U/
历史区,渤海小吏,4,11-15,"深度||""出将入相""的崩塌，大唐为什么那么多夷人节度使？",https://www.bilibili.com/video/BV13sCKBkEFi/
历史区,渤海小吏,5,11-05,"从1700年前的""夷命贵""运动，看大洋彼岸的""血玫瑰""怎样花开？",https://www.bilibili.com/video/BV1eN1yBoEK7/
历史区,渤海小吏,6,11-01,深度|| 双魔登场，拐点中国历史的霹雳飞猪，拐点中国历史的Bug级奸相,https://www.bilibili.com/video/BV1Bu1TBbEjp/
历史区,渤海小吏,7,10-28,【硬核】在古代，如何搞一场成功的改革？,https://www.bilibili.com/video/BV1GPsyzdEk8/
历史区,渤海小吏,8,10-24,深度|| 如何写出200亿票房的故事？,https://www.bilibili.com/video/BV1nGsiz7EtL/
历史区,渤海小吏,9,10-18,深度|| 武则天为何不敢用节度使？李三郎怎样掉进了极乐幻境？,https://www.bilibili.com/video/BV1YGWkzUEst/
历史区,渤海小吏,10,10-12,灭霸有多没文化？节度使为什么必须要登上历史舞台？,https://www.bilibili.com/video/BV1mi4WzFEP9/
创意区,手工耿,1,11-21,我给挖掘机做了一柄大刀,https://www.bilibili.com/video/BV1CpyPBFEHC/
创意区,手工耿,2,11-01,轮椅助推器,https://www.bilibili.com/video/BV1wa15BZEk8/
创意区,手工耿,3,09-29,我新研制了一个关于老年痴呆的机器,https://www.bilibili.com/video/BV1FynzzEEUK/
创意区,手工耿,4,06-11,做了一个钛合金鱼缸支架,https://www.bilibili.com/video/BV1oeMEznEj2/
创意区,手工耿,5,05-16,自制多胞胎婴儿车，奶爸神器,https://www.bilibili.com/video/BV1dRE4zNEdg/
创意区,手工耿,6,01-22,自制招财猫打雪仗机甲,https://www.bilibili.com/video/BV1pEwvevEYU/
创意区,手工耿,7,01-09,上B站！弹幕看春晚,https://www.bilibili.com/video/BV1XbrYY4E35/
创意区,手工耿,8,2024-12-17,育娃波浪鼓,https://www.bilibili.com/video/BV1L4kEY4Epn/
创意区,手工耿,9,2024-12-06,我给德爷制作了一条荒野求生腰带,https://www.bilibili.com/video/BV1QiiiYDEAz/
创意区,手工耿,10,2024-10-30,做了一根大慈大悲钓鱼竿,https://www.bilibili.com/video/BV1zpS3YhE4a/
创意区,老师好我叫何同学,1,11-20,【正片】何同学×罗永浩！青年何同学的骄傲与烦恼,https://www.bilibili.com/video/BV1G7yGBvEqs/
创意区,老师好我叫何同学,2,11-18,为了帮粉丝放牛，我们做了这个...,https://www.bilibili.com/video/BV17PygBiETq/
创意区,老师好我叫何同学,3,09-17,【何同学】最听劝的一代，但是... iPhone 17系列首发体验,https://www.bilibili.com/video/BV1uCptzTEt8/
创意区,老师好我叫何同学,4,08-08,【何同学】我们拍到了7500光年外的风景…,https://www.bilibili.com/video/BV1Tct1ztE26/
创意区,老师好我叫何同学,5,07-25,为了不用擦白板，我们做了这个...,https://www.bilibili.com/video/BV18LbDzjE5V/
创意区,老师好我叫何同学,6,07-12,【何同学】为了不用倒垃圾，我们做了这个...,https://www.bilibili.com/video/BV1JDMQzUEwy/
创意区,老师好我叫何同学,7,06-22,【何同学】五年前，我见到了微软的秘密手机...,https://www.bilibili.com/video/BV11YNQzJEQY/
创意区,老师好我叫何同学,8,06-16,这不是特效，是3D打印。,https://www.bilibili.com/video/BV1msMiznE6b/
创意区,老师好我叫何同学,9,05-16,【何同学】边充边玩伤电池？24部手机，6个月，告诉你更好的充电方式,https://www.bilibili.com/video/BV1kPE4zgE7y/
创意区,老师好我叫何同学,10,04-27,【何同学】我们做了个特别的键盘…,https://www.bilibili.com/video/BV1DtjAzUEb9/
创意区,摄影师云飞,1,4小时前,全网首发！小米 Miloco 完整安装教程来了：99% 的人根本想不到…它居然,https://www.bilibili.com/video/BV1ux2fBYEhc/
创意区,摄影师云飞,2,12-04,五款旗舰耳夹式蓝牙耳机深度对比:音质、佩戴、漏音、通话 一个视频给你答案,https://www.bilibili.com/video/BV1zr2eBLE9z/
创意区,摄影师云飞,3,12-01,200价位降噪耳机选购指南！弱水时砂 vs vivo vs 红米 vs 倍思热门横评,https://www.bilibili.com/video/BV1ckSCBEELe/
创意区,摄影师云飞,4,11-28,全平台通用！米系 第三方 表盘/小程序 安装教程！【iOS、安卓、WIn、Mac保姆级】,https://www.bilibili.com/video/BV18DS5BEEn3/
创意区,摄影师云飞,5,11-26,一个视频讲透自媒体麦克风！大疆DJI Mic 3 vs 猛玛LARK MAX 2 全面对比,https://www.bilibili.com/video/BV13NUbBpEcA/
创意区,摄影师云飞,6,11-24,279 的键盘，凭什么卖了百万把？前行者 X87S 全面实测！,https://www.bilibili.com/video/BV15JUrBhEfb/
创意区,摄影师云飞,7,11-21,终于不用洗袜子、内衣了！米家三区洗pro 滚筒10kg 体验分享 【小米洗衣机】,https://www.bilibili.com/video/BV1KsyMB5ELG/
创意区,摄影师云飞,8,11-19,索尼XM4 老用户升级 XM6，五年差距有多大？,https://www.bilibili.com/video/BV1MvyjBzE5T/
创意区,摄影师云飞,9,11-14,长期体验 小米17Pro 竟然这么多问题.....？,https://www.bilibili.com/video/BV1ttCKB6E91/
创意区,摄影师云飞,10,11-12,一个视频了解 大疆OM8、影石Flow2 Pro 区别，超详细实测对比！,https://www.bilibili.com/video/BV1tKCjBvEmE/
创意区,★⑥檤轮囬★,1,11-23,找妹妹,https://www.bilibili.com/video/BV1rZUwBwEgs/
创意区,★⑥檤轮囬★,2,11-01,一年之期已到！,https://www.bilibili.com/video/BV1F61jBFE4r/
创意区,★⑥檤轮囬★,3,10-10,老婆，别杀我！,https://www.bilibili.com/video/BV1YDxCztERj/
创意区,★⑥檤轮囬★,4,10-05,女装大佬？,https://www.bilibili.com/video/BV1fixazMEHm/
创意区,★⑥檤轮囬★,5,08-31,我的后半生,https://www.bilibili.com/video/BV1VFaGz9Eke/
创意区,★⑥檤轮囬★,6,08-24,我的前半生,https://www.bilibili.com/video/BV1bEeJzrEDs/
创意区,★⑥檤轮囬★,7,07-30,抽象妹妹,https://www.bilibili.com/video/BV11MhwzCErS/
创意区,★⑥檤轮囬★,8,07-06,脱胎换骨,https://www.bilibili.com/video/BV1QV3RzHEwP/
创意区,★⑥檤轮囬★,9,06-22,减重40斤！,https://www.bilibili.com/video/BV1UuNRzYEEv/
创意区,★⑥檤轮囬★,10,06-07,恋爱大女主,https://www.bilibili.com/video/BV1HrT3zzEoh/
创意区,唯一讲述者,1,12-05,唯一讲述者最抽象的一集！办鬼畜大赛鬼畜自己！鬼畜S1赛季活动开始！,https://www.bilibili.com/video/BV1YF25BkEdG/
创意区,唯一讲述者,2,12-03,滇二娃哈基米和蓝厂不需要女用户的宣发争议：有卧龙的地方……,https://www.bilibili.com/video/BV16cSaB1Eaz/
创意区,唯一讲述者,3,11-27,西贝营销公司华与华罗永浩再起争端：公开录音里会是什么内容呢？,https://www.bilibili.com/video/BV1zsSgBSEoK/
创意区,唯一讲述者,4,11-25,小米雷军su7前舱盖案开庭在即：雷总信任危机为何越陷越深？,https://www.bilibili.com/video/BV1hTUQBJE6F/
创意区,唯一讲述者,5,11-23,高市早苗疯狂挑衅中国赌国运？公关：你了不起！你清高！,https://www.bilibili.com/video/BV1n2UNBTEAK/
创意区,唯一讲述者,6,11-20,新东方俞敏洪在南极给上班员工发内部信：鸡汤这玩意还是得少喝……,https://www.bilibili.com/video/BV1qdyABmEwV/
创意区,唯一讲述者,7,11-18,影视飓风因整活被骂上热搜：某些媒体还是太权威了！,https://www.bilibili.com/video/BV1pAy5BXEds/
创意区,唯一讲述者,8,11-16,九阳哈基米南北绿豆：硬刚极端群体居然没翻车？,https://www.bilibili.com/video/BV17vCXBHECZ/
创意区,唯一讲述者,9,11-14,繁花王家卫与古二之争：打工人一怒连上半月热搜？！,https://www.bilibili.com/video/BV1zLCgBNEJt/
创意区,唯一讲述者,10,11-12,小鹏机器人争议：小鹏的公关强了好几个西贝！,https://www.bilibili.com/video/BV1DtC7BgEej/
运动区,闫帅奇,1,11-21,第一次徒步居然干掉9个汉堡！难忘绝美海岸线徒步｜七大望东七娘山大雁顶望朗归东涌,https://www.bilibili.com/video/BV1PqU5BNEsc/
运动区,闫帅奇,2,11-10,健身情侣挑战人生第一座雪山，结果？【奥太娜雪山】,https://www.bilibili.com/video/BV1J3kfBuEmt/
运动区,闫帅奇,3,10-24,入睡困难、半夜总醒，99%的人都犯了这1个错。,https://www.bilibili.com/video/BV13qs7zEEgr/
运动区,闫帅奇,4,10-20,我试了外网上亿播放同款外骨骼，下巴惊掉了！,https://www.bilibili.com/video/BV1M1W1zXEba/
运动区,闫帅奇,5,09-24,人生第一座雪山，翻车了【哈巴雪山全记录】,https://www.bilibili.com/video/BV1riJQzEEie/
运动区,闫帅奇,6,09-16,爬雪山前做体检，竟发现内脏脂肪偏高！我体脂率是？,https://www.bilibili.com/video/BV14rp2znEVL/
运动区,闫帅奇,7,09-06,【高精力Vs低精力区别】如何提升精力？,https://www.bilibili.com/video/BV1VAaqzZEXj/
运动区,闫帅奇,8,08-15,用《大展鸿图》跳健身操？这是什么操作？？,https://www.bilibili.com/video/BV1gqbkzFEPZ/
运动区,闫帅奇,9,08-08,菠萝改善体液味道?吃什么让自己更好闻?如何去班味?,https://www.bilibili.com/video/BV1QetmzkEor/
运动区,闫帅奇,10,08-01,睡觉、运动中抽筋，不只是缺钙！附快速改善,https://www.bilibili.com/video/BV1ePhJzgEpz/
运动区,北美运动学博士Bruce_PhD,1,12-01,全网独家！运动学博士Bruce连线大胃袋良子解读体检报告,https://www.bilibili.com/video/BV18CSkBoEs1/
运动区,北美运动学博士Bruce_PhD,2,11-15,我给外国职业拳手观赏了赵鸿刚扇耳光和鸽舞缘通背拳……,https://www.bilibili.com/video/BV1mdCTBgELn/
运动区,北美运动学博士Bruce_PhD,3,10-23,从走路困难到硬拉300kg，我是如何恢复腰突的｜含详细计划｜运动学博士的深度解析,https://www.bilibili.com/video/BV18jsqzeEUU/
运动区,北美运动学博士Bruce_PhD,4,10-04,【全网最详细】一口气讲完如何增宽肩膀5cm｜含详细计划｜运动学博士的深度解析【哔需练练】,https://www.bilibili.com/video/BV1AgxHzjEvb/
运动区,北美运动学博士Bruce_PhD,5,09-11,戒奖励，我是如何做到的｜健身要禁X吗？运动学博士教你如何重塑人生,https://www.bilibili.com/video/BV1f9HmzTEEV/
运动区,北美运动学博士Bruce_PhD,6,08-02,独家｜北美运动学博士深度分析堂主体检报告,https://www.bilibili.com/video/BV12dh4zmE31/
运动区,北美运动学博士Bruce_PhD,7,07-12,微胖圈传来噩耗!?运动学博士锐评胃袋恶魔良子,https://www.bilibili.com/video/BV1o5u5zrECe/
运动区,北美运动学博士Bruce_PhD,8,06-24,最强黄种人彻底报废？运动学博士深度锐评刘锐深蹲断手,https://www.bilibili.com/video/BV1GFKizDEjt/
运动区,北美运动学博士Bruce_PhD,9,05-30,一口气讲完六大鱼油谣言｜99%的人都中招!!运动学博士的深度解析,https://www.bilibili.com/video/BV1Bh7JzyE8L/
运动区,北美运动学博士Bruce_PhD,10,05-11,大重量硬拉瞬间瘫软!!运动学博士深度锐评龟背硬拉(含自救指南),https://www.bilibili.com/video/BV1UQ5czqEpZ/
游戏区,怕上火暴王老菊,1,12-05,王老菊教你玩具元帅,https://www.bilibili.com/video/BV1dj2LBSEEa/
游戏区,怕上火暴王老菊,2,12-03,王老菊教你连携高手,https://www.bilibili.com/video/BV1cpSYBnEzq/
游戏区,怕上火暴王老菊,3,11-27,王老菊教你撒钱枪法,https://www.bilibili.com/video/BV19uUYBKEt8/
游戏区,怕上火暴王老菊,4,11-22,王老菊教你回溯剑法,https://www.bilibili.com/video/BV18fUHBAE49/
游戏区,怕上火暴王老菊,5,11-20,王老菊教你三刀攮死,https://www.bilibili.com/video/BV18CynBSETH/
游戏区,怕上火暴王老菊,6,11-10,王老菊教你推币仙人,https://www.bilibili.com/video/BV16dkSBjEDk/
游戏区,怕上火暴王老菊,7,11-07,王老菊教你探索末日,https://www.bilibili.com/video/BV1Cq2wBZE3Y/
游戏区,怕上火暴王老菊,8,11-02,王老菊教你密室糕手,https://www.bilibili.com/video/BV1Xt1FBAEJZ/
游戏区,怕上火暴王老菊,9,10-23,王老菊教你火星跑腿,https://www.bilibili.com/video/BV1hXsvzcEpD/
游戏区,怕上火暴王老菊,10,10-20,王老菊教你紫皮陀螺,https://www.bilibili.com/video/BV1NSsKz6Evp/
游戏区,龙崎棒棒糖,1,09-05,机甲不一定需要驾驶《机甲战魔 神话之裔》评测,https://www.bilibili.com/video/BV1bYawznEsB/
游戏区,龙崎棒棒糖,2,05-19,我为大唐复国土！大唐说我叛徒？,https://www.bilibili.com/video/BV15uERz6Eko/
游戏区,龙崎棒棒糖,3,04-30,医生，我嘴里长了颗树，还有救吗？《明末：渊虚之羽》故事解析,https://www.bilibili.com/video/BV16zGbzaERW/
游戏区,龙崎棒棒糖,4,04-07,活着，只为在旅途终点一死。,https://www.bilibili.com/video/BV1HbRUYSEUk/
游戏区,龙崎棒棒糖,5,03-21,碰到怪就吸血？怪猎荒野回血大法心得分享,https://www.bilibili.com/video/BV1SwXrYKEe5/
游戏区,龙崎棒棒糖,6,03-04,大炮打蚊子？英特尔U7 265K救得了怪猎荒野吗？,https://www.bilibili.com/video/BV1Wk9EYvEUJ/
游戏区,龙崎棒棒糖,7,2024-12-09,到底是人是鬼？一试便知《燕云十六声》终测试玩,https://www.bilibili.com/video/BV1UYqPY4EUf/
游戏区,龙崎棒棒糖,8,2024-12-01,人类灭绝后，反而成了神？《荒野起源》首曝PV剧情猜想,https://www.bilibili.com/video/BV1RuzHY9EYt/
游戏区,龙崎棒棒糖,9,2024-09-25,千万世的豪赌，箍困不住他吗？《黑神话悟空》世界观故事-果篇2（西行起因+黄风岭）,https://www.bilibili.com/video/BV1MLsmevEYw/
游戏区,龙崎棒棒糖,10,2024-09-23,神佛饮血吗？《黑神话：悟空》上古故事-果篇1,https://www.bilibili.com/video/BV141t5e2E4V/
游戏区,龙四爷攻略组,1,昨天,新版可莉和其他魔导角色,https://www.bilibili.com/video/BV1qW2HBuEm4/
游戏区,龙四爷攻略组,2,12-05,魔导温迪全面测评,https://www.bilibili.com/video/BV17S2VBJEDk/
游戏区,龙四爷攻略组,3,12-04,原神雅珂达全面测评,https://www.bilibili.com/video/BV1Sn2eBfE9j/
游戏区,龙四爷攻略组,4,12-04,原神杜林全面测评,https://www.bilibili.com/video/BV1HG2hBBET7/
游戏区,龙四爷攻略组,5,11-27,绝区零琉音全面测评,https://www.bilibili.com/video/BV19AU6BpEsS/
游戏区,龙四爷攻略组,6,11-22,原神6.2月之三抽卡推荐,https://www.bilibili.com/video/BV1xgUsBYEJP/
游戏区,龙四爷攻略组,7,11-21,鸣潮千咲全面测评,https://www.bilibili.com/video/BV1UHyMBjEn2/
游戏区,龙四爷攻略组,8,11-06,绝区零伊德海莉全面测评,https://www.bilibili.com/video/BV1FB1ZBkE5g/
游戏区,龙四爷攻略组,9,10-31,鸣潮仇远全面测评,https://www.bilibili.com/video/BV1eL1TBsERJ/
游戏区,龙四爷攻略组,10,10-23,原神奈芙尔手法和后续抽卡规划,https://www.bilibili.com/video/BV1WxsGznEuR/
游戏区,Leah莉娅又迟到啦,1,9小时前,杜林强度到底如何？用他来推测一下未来魔导队的设计思路！,https://www.bilibili.com/video/BV1AY2RBGE7r/
游戏区,Leah莉娅又迟到啦,2,昨天,什么代肝圣体？有新xp就练个小号，再抽一模一样的角色？！,https://www.bilibili.com/video/BV1Cj2WBQEx6/
游戏区,Leah莉娅又迟到啦,3,昨天,【江山北望】世之之争权谋影游，全流程通关实况（更新中）,https://www.bilibili.com/video/BV1dk2EBbEvu/
游戏区,Leah莉娅又迟到啦,4,11-30,弹幕：“梭哈昔涟，不可能不出的！”,https://www.bilibili.com/video/BV1wWSvBtECM/
游戏区,Leah莉娅又迟到啦,5,11-26,杜林最适配的队伍有哪些？辅助流+输出流全方位评测！,https://www.bilibili.com/video/BV1AtUhBLEi5/
游戏区,Leah莉娅又迟到啦,6,11-23,米哈游新作《Varsapura》曝光！颠覆印象的画风和世界观，会是下一个爆款嘛？！,https://www.bilibili.com/video/BV1nkUABwEUg/
游戏区,Leah莉娅又迟到啦,7,11-22,原神6.2月之三抽卡建议！杜林与希诺宁对比，牛牛还值得抽吗？,https://www.bilibili.com/video/BV1gdUHBNEZy/
游戏区,Leah莉娅又迟到啦,8,11-16,6.1月之二新深渊满星教学！草行久+纳塔战舰，无挪德卡莱角色也能轻松满星！,https://www.bilibili.com/video/BV16iC3BzEFJ/
游戏区,Leah莉娅又迟到啦,9,11-14,初恋就“被小四”了，但我还是原谅她了？！,https://www.bilibili.com/video/BV11MCABdEbn/
游戏区,Leah莉娅又迟到啦,10,11-08,“我见过很多非酋，他们都管我叫非酋”,https://www.bilibili.com/video/BV1Xp1XB7Exc/
游戏区,月爱,1,11-22,【巅峰数据排行134】装备也有高低贵贱？超过半数英雄都要出ta！,https://www.bilibili.com/video/BV1RbUsBJEUG/
游戏区,月爱,2,11-20,删了三天也无人在意,https://www.bilibili.com/video/BV18KywBAEjf/
游戏区,月爱,3,11-18,【巅峰数据排行133】神秘中单法王来袭,https://www.bilibili.com/video/BV1iuygBAEFo/
游戏区,月爱,4,11-15,【王者皮肤排行09】“欢迎来到对抗路！”,https://www.bilibili.com/video/BV16gCgBBESb/
游戏区,月爱,5,11-13,问了吗？在问了！问了吗？再问删了！,https://www.bilibili.com/video/BV1g6CxBPEW5/
游戏区,月爱,6,11-08,【巅峰数据排行132】“来个小明 我带飞！”,https://www.bilibili.com/video/BV1u41XByEFn/
游戏区,月爱,7,11-06,哭弱英雄千千万，哭强英雄你见过吗？,https://www.bilibili.com/video/BV1q12FB1EPT/
游戏区,月爱,8,11-04,【巅峰数据排行131】李白平A4下后 是无敌的,https://www.bilibili.com/video/BV15F1yBcEpK/
游戏区,月爱,9,10-31,【荣耀梯度排行66】和我的5A级连招说去吧！,https://www.bilibili.com/video/BV1Mw1KBLE9Q/
游戏区,月爱,10,10-25,【巅峰数据排行130】各分路场均击杀最多和最少的分别是谁？,https://www.bilibili.com/video/BV1UQsdzHEPx/
游戏区,刀客阿林,1,8小时前,鲷哥【蚂蚁黯灭电锤】余波，雕黑还是太多了！,https://www.bilibili.com/video/BV1QmmFBTEqv/
游戏区,刀客阿林,2,昨天,雕哥：鸡哥大概率顶替潘子当导师，蛋饼压力大选择休息,https://www.bilibili.com/video/BV1SA2WBaEUc/
游戏区,刀客阿林,3,昨天,雕哥：阿绿加入比赛；YYF是好领导；820网吧倒闭，实业难做,https://www.bilibili.com/video/BV11h2pBWEzx/
游戏区,刀客阿林,4,昨天,雕哥：说句大家不爱听的，这个比赛谁来谁不来还真是我一言堂；然后FG直播间弹幕爆了,https://www.bilibili.com/video/BV1pq2pBJEkM/
游戏区,刀客阿林,5,12-05,凯西杯赛后采访，老板下一届奖金秒打给鲷哥，外包主持人赤小兔,https://www.bilibili.com/video/BV1Rn2BBLEFx/
游戏区,刀客阿林,6,12-05,凯西杯老板队一穿五夺冠，皮球海民把Sylar当皮球踢,https://www.bilibili.com/video/BV1u12vBaEvr/
游戏区,刀客阿林,7,12-04,【凯西杯】老板队一穿三翻盘枫哥队，皮球海民四打五逆转团战，龙神铁皮潮汐站撸,https://www.bilibili.com/video/BV1XJ2iBMEQ1/
游戏区,刀客阿林,8,12-01,一家人整整齐齐：四支中国队全部未进线下赛！成都Blast只剩外国队！,https://www.bilibili.com/video/BV1sUS6B1Er2/
游戏区,刀客阿林,9,11-30,国危思良将？比焦哥1-12哈斯卡更搞笑的画面,https://www.bilibili.com/video/BV1VgSTBYEbx/
游戏区,刀客阿林,10,11-30,XG打得太烂！查理斯吃不到解说流量！愤怒复出组队做蛋糕！,https://www.bilibili.com/video/BV18jSNBDEKC/
游戏区,青木菌Aoki,1,12-05,下一届马上办！老板一穿五夺冠 情绪价值拉满 这个月办完下个月继续办！,https://www.bilibili.com/video/BV1y62BBaEnG/
游戏区,青木菌Aoki,2,12-04,皮球神之一手潮汐 跟一堵墙一样克住美杜莎 老板队目前一穿三,https://www.bilibili.com/video/BV1572iB6Eaa/
游戏区,青木菌Aoki,3,12-03,老陈玛尔斯绕树林秀晕核桃 Sylar队豪取三连胜,https://www.bilibili.com/video/BV1jz2tBWEet/
游戏区,青木菌Aoki,4,12-03,眼哥死了雕哥破音！Sylar队落后1W7翻盘皮球队 两连胜,https://www.bilibili.com/video/BV1cy2sBpE46/
游戏区,青木菌Aoki,5,12-03,【多视角】老蔡被动4张TP！眼子队VS马甲队 凯西杯雕哥全力解说！,https://www.bilibili.com/video/BV1ST2xBiE9L/
游戏区,青木菌Aoki,6,12-02,Sylar：饼子你的帕克火猫我应该随便选一个就行了吧 眼哥充完电开启太监模式 各种阴阳拉满,https://www.bilibili.com/video/BV1scSsBYE8Y/
游戏区,青木菌Aoki,7,11-30,查理斯：XG再这么菜下去真得复出去预选赛干他们了 没人做蛋糕了 玩不过森哥啊,https://www.bilibili.com/video/BV1McSKBDE7F/
游戏区,青木菌Aoki,8,11-29,XG艰难拿下Yandex 70分钟大战 Ame19杀TB 太吃力了,https://www.bilibili.com/video/BV1RsURBeESD/
游戏区,青木菌Aoki,9,11-28,Xinq聊XG去年为何频繁换5 新XG森哥问题不大 主要是整体问题 想跟毛哥打 VG3不行,https://www.bilibili.com/video/BV13xSVB2EbL/
游戏区,青木菌Aoki,10,11-26,莫言中路影魔被干烂 森哥海民王发大力 XG BO1拿下Heroic,https://www.bilibili.com/video/BV1a8UXBWEeG/
游戏区,dogsama,1,12-04,JRPG狂喜《歧路旅人0》究竟怎么样？玩完之后还能玩啥？,https://www.bilibili.com/video/BV1QL2eBAErx/
游戏区,dogsama,2,12-02,胡逼风格的搜打撤，地狱绘图的《LET IT DIE》！,https://www.bilibili.com/video/BV1BQSsBtEZ2/
游戏区,dogsama,3,11-22,从溃败到反攻，一口气看完《胜利女神》半周年全部剧情,https://www.bilibili.com/video/BV1udUHBNEZx/
游戏区,dogsama,4,11-21,谁家看板娘这么甜，旮旯GAME里就是这样的！《战双帕弥什》心语任务行至时间彼岸剧情,https://www.bilibili.com/video/BV1K2UVBuEk4/
游戏区,dogsama,5,11-20,惊天大瓜！文明或许才是来者！ 《鸣潮 2.8》剧情深度解读,https://www.bilibili.com/video/BV13cywBiEQy/
游戏区,dogsama,6,11-19,番剧型剧情，超人级足球《闪电十一人 英雄们的胜利之路》究竟怎么样？,https://www.bilibili.com/video/BV1S6ynBQE8e/
游戏区,dogsama,7,11-17,桐生一马的前半生，人中之龙 极1&2登陆NS2，26年2月极3发售！,https://www.bilibili.com/video/BV1U9CaBmERc/
游戏区,dogsama,8,11-15,窃取世界，病毒污染，生化飞升新时代《使命召唤 黑色行动7》讲了一个什么故事,https://www.bilibili.com/video/BV1cQCyBBE2V/
游戏区,dogsama,9,11-13,这样做的游戏才好玩，歧路旅人发力了，这次的0真的是集大成者了！《歧路旅人0》试玩版评测,https://www.bilibili.com/video/BV1DJC4BiE9Q/
游戏区,dogsama,10,11-09,灭杀黑龙，新老接替，忍龙迎来新时代《忍者龙剑传4》究竟讲了一个什么故事,https://www.bilibili.com/video/BV1gc1QBCE9W/
影视综,一条闲木鱼,1,昨天,程序正义如何变成坏人的保护伞？李卫教你以恶制恶！【雍正王朝十级学者】第42回,https://www.bilibili.com/video/BV1qv2jB4ESU/
影视综,一条闲木鱼,2,11-29,新政？暴政？雍正改革为什么争议巨大！【雍正王朝十级学者】第41回,https://www.bilibili.com/video/BV1bwSJB4Ei2/
影视综,一条闲木鱼,3,11-22,最后通牒！年羹尧丧失了多少自救机会？【雍正王朝十级学者】第40回,https://www.bilibili.com/video/BV1HvyMBqEm1/
影视综,一条闲木鱼,4,11-15,将军恩情还不完？雍正为何容忍年羹尧【雍正王朝十级学者】第39回,https://www.bilibili.com/video/BV1CsCuBuEHS/
影视综,一条闲木鱼,5,11-08,大清没有强势太监？因为大清人人是太监！【雍正王朝十级学者】！第38回,https://www.bilibili.com/video/BV17p2gB3Eft/
影视综,一条闲木鱼,6,10-25,摇滚青年年羹尧，叛逆灭爸手段高！【雍正王朝十级学者】！第37回,https://www.bilibili.com/video/BV1AnsHz1EDs/
影视综,一条闲木鱼,7,10-18,空降领导，如何服众？年羹尧职场教学！【雍正王朝十级学者】！第36回,https://www.bilibili.com/video/BV1jcWJzoEk1/
影视综,一条闲木鱼,8,10-11,看透规则的本质！理解权力的游戏！雍正王朝的秘密！第35回,https://www.bilibili.com/video/BV1Pv4JzLEsN/
影视综,一条闲木鱼,9,10-04,选择了朋友，也就选择了敌人！雍正如何建立威信？雍正王朝的秘密！第34回,https://www.bilibili.com/video/BV1EVHLzLEmU/
影视综,一条闲木鱼,10,09-27,雍正为什么像暴君？追求完美所以不完美！雍正王朝的秘密！第33回,https://www.bilibili.com/video/BV1q2nGzwEuJ/
影视综,木鱼水心,1,12-01,爬到顶峰需要几步？当你拿到钥匙的那一刻，才是这套「铁打规则」猎杀的开始！,https://www.bilibili.com/video/BV1o9S1B2EeF/
影视综,木鱼水心,2,11-26,丑闻危机！「内鬼」竟是我老板？,https://www.bilibili.com/video/BV1y1UaBQEo5/
影视综,木鱼水心,3,11-07,一个签名，至于吗?,https://www.bilibili.com/video/BV1P32gBUEgP/
影视综,木鱼水心,4,11-01,他为何坚决不辞职？史上最「年轻」却最「硬核」的狠人,https://www.bilibili.com/video/BV1841uBREDP/
影视综,木鱼水心,5,10-28,我们迷恋的，真的是电影吗？,https://www.bilibili.com/video/BV1yuyrBYEsc/
影视综,木鱼水心,6,10-18,被恐怖组织写入暗杀名单，他活下来的原因，竟是对他最大的羞辱？,https://www.bilibili.com/video/BV14oW4zaEHQ/
影视综,木鱼水心,7,09-30,杀死一个国王，分掉290万亿！一口气读懂人类权力游戏的底层代码,https://www.bilibili.com/video/BV1jgnUzYE7w/
影视综,木鱼水心,8,09-25,打造最完美的「零差评」医院，竟如此简单？,https://www.bilibili.com/video/BV1UXnbzwEch/
影视综,木鱼水心,9,09-12,为什么有些画面，我们一辈子都忘不掉？,https://www.bilibili.com/video/BV1ciHrzxESn/
影视综,木鱼水心,10,09-02,5年重播3000次！「名场面制造机」《亮剑》系列回来了！,https://www.bilibili.com/video/BV16mapzhERt/
影视综,CC琦先生,1,4小时前,爽爽爽！2025年末神剧，宁古塔流犯逆袭“商王”，古装传奇剧《大生意人》,https://www.bilibili.com/video/BV1y7mFBoEyB/
影视综,CC琦先生,2,11-30,【CC放映室】一台“艳遇手机”，揭露都市爱情的真相，万字解析经典都市喜剧《爱情呼叫转移》,https://www.bilibili.com/video/BV1YsSiB1ELF/
影视综,CC琦先生,3,11-22,中国喜剧界的“扫地僧”，跨界开嗓再填惊喜！魏翔的23年励志逆袭路,https://www.bilibili.com/video/BV1UqUnBtEE3/
影视综,CC琦先生,4,10-27,【CC放映室】佳作！70岁老人们的奇幻冒险，《落叶归根》导演冷门好片，温情解读电影《飞越老人院》,https://www.bilibili.com/video/BV1F9s1z3ELm/
影视综,CC琦先生,5,10-01,【闯关东】全网最全！爆肝15w字超细解说，一口气看完年代史诗巨作《闯关东》！适合收藏陪睡~,https://www.bilibili.com/video/BV1B1HnzZEHv/
影视综,CC琦先生,6,09-27,【CC放映室】众星云集！15年前的搞怪武侠，竟藏了这么多彩蛋！爆笑解说经典武侠喜剧《大笑江湖》,https://www.bilibili.com/video/BV1y6nEz8ERK/
影视综,CC琦先生,7,09-20,【闯关东】国恨家仇！传武壮烈牺牲，朱开山手刃日本禽兽。万字精讲年代史诗巨作《闯关东》大结局,https://www.bilibili.com/video/BV1RBpXz2EQi/
影视综,CC琦先生,8,09-03,【CC放映室】弹棉花名场面！反差叔侄一心抗日，护送情报笑料百出！经典喜剧《巧奔妙逃》,https://www.bilibili.com/video/BV1qhagz9EUw/
影视综,CC琦先生,9,09-01,【闯关东】忘恩负义！一郎倒戈夺取山河煤矿，秀儿为求真爱离开朱家，万字精讲年代史诗巨作《闯关东》P13,https://www.bilibili.com/video/BV1HnaJzpEwN/
影视综,CC琦先生,10,08-18,【CC放映室】二十年前的经典抗日爆笑神剧，竟然有这么多细节！经典喜剧《举起手来！》,https://www.bilibili.com/video/BV1jaYxzAEEc/
影视综,开心嘴炮,1,11-28,假装人体实验，实则吃人恶妖！都市志怪《枭起青壤》,https://www.bilibili.com/video/BV18RSjBsEjA/
影视综,开心嘴炮,2,11-18,卢浮宫是惊天魔盗团偷的？！我从未见过这么会整活的电影,https://www.bilibili.com/video/BV19dyGBBEkh/
影视综,开心嘴炮,3,11-14,梗上长了个探案悬疑剧！《唐朝诡事录3》全是活人在追啊！,https://www.bilibili.com/video/BV19vCtB5EbF/
影视综,开心嘴炮,4,11-12,别人家死七口人，你穿红衣去求婚？！逆天抽象古偶《山河枕》吐槽,https://www.bilibili.com/video/BV1VxkmBFEPn/
影视综,开心嘴炮,5,11-05,一档选秀引发八大平台内斗！尚雯婕也没想到这节目这么大胆！,https://www.bilibili.com/video/BV1N71HBnE4e/
影视综,开心嘴炮,6,10-30,偶像剧应该怎么拍？明道给你指条明道,https://www.bilibili.com/video/BV1Sqy8ByEtP/
影视综,开心嘴炮,7,10-28,武侠剧终于有江湖感了！龚俊《暗河传》给我看燃了！嗑疯了！,https://www.bilibili.com/video/BV1SQyBBTEQe/
影视综,开心嘴炮,8,10-25,《再见爱人》史上第一次有人真退出！！rapper翻红之路差点黄了,https://www.bilibili.com/video/BV1htsozoEio/
影视综,开心嘴炮,9,10-18,离婚综艺终于癫成了rapper想要的样子！《再见爱人5》重磅开吵,https://www.bilibili.com/video/BV1cyWxzQEAq/
影视综,开心嘴炮,10,10-18,努力了两辈子，男主终于转正了！！爆笑解说姐狗cp跨世奇恋！,https://www.bilibili.com/video/BV18zWpztEny/
影视综,前进四放映室,1,12-05,“工人剥削农民？”谁在替农民喊冤？从梁漱溟开始拆穿工农对立的谎言,https://www.bilibili.com/video/BV1E927BAEW5/
影视综,前进四放映室,2,11-29,魅族的二十年：一杯敬明天 一杯敬友商。,https://www.bilibili.com/video/BV1XLSnBiEni/
影视综,前进四放映室,3,11-21,中国文艺界为啥老出“汉奸”？咱们给你往祖坟上刨！ 下集,https://www.bilibili.com/video/BV1LaULB4ErY/
影视综,前进四放映室,4,11-18,全网最坦诚的渣男访谈 上集,https://www.bilibili.com/video/BV1jgyGBgESn/
影视综,前进四放映室,5,11-14,江西婚礼复盘总结,https://www.bilibili.com/video/BV1vrCuBtEj9/
影视综,前进四放映室,6,11-11,拜师深圳单王，看看一天能挣多少？美团社保补贴真的有用吗？,https://www.bilibili.com/video/BV1jNkrBJEZv/
影视综,前进四放映室,7,11-09,打破想象？！走入未来的AR眼镜是什么样的？VITURE Luma系列上手体验,https://www.bilibili.com/video/BV1egkXByEBx/
影视综,前进四放映室,8,10-26,杨振宁眼中的那十年。当时的美籍华人科学家在美国如何评价所谓的“十年”,https://www.bilibili.com/video/BV1iYxNzxEVQ/
影视综,前进四放映室,9,10-19,中国文艺界为啥老出“汉奸”？咱们给你往祖坟上刨！ 上集,https://www.bilibili.com/video/BV1Y8sPz1Ewt/
影视综,前进四放映室,10,10-18,【自费】最强 VS 超强 VS 巨强！V米果旗舰比拼谁最露脸？,https://www.bilibili.com/video/BV1LKWHzwEst/
数分,不知渭河-数据分析版,1,11-29,数据分析想要驱动业务，就不要太追求方法正确,https://www.bilibili.com/video/BV1sBSFBcEw1/
数分,不知渭河-数据分析版,2,11-16,新手/转行数据分析师每天都是杂活怎么办？,https://www.bilibili.com/video/BV1onCdBtE1Z/
数分,不知渭河-数据分析版,3,11-01,数据分析案例实践-如何制定一个评分体系？,https://www.bilibili.com/video/BV1y91LBhEw4/
数分,不知渭河-数据分析版,4,10-25,别傻了，数据分析师其实并不承担分析决策的能力,https://www.bilibili.com/video/BV1NAsfzXEZV/
数分,不知渭河-数据分析版,5,08-24,数据分析师26届秋招求职攻略,https://www.bilibili.com/video/BV18xeHzyEcm/
数分,不知渭河-数据分析版,6,08-11,在数据分析转行的路上，希望你没有因为这个花太多时间,https://www.bilibili.com/video/BV1j6bNzaEx1/
数分,不知渭河-数据分析版,7,07-13,低能量人为什么不适合进互联网大厂,https://www.bilibili.com/video/BV1Suuwz4E52/
数分,不知渭河-数据分析版,8,04-29,为什么互联网数据分析师的活是干不完的？,https://www.bilibili.com/video/BV1YdLmz5Ecs/
数分,不知渭河-数据分析版,9,04-07,如果从一开始就用AI学习数据分析……,https://www.bilibili.com/video/BV1DZZUY6Exq/
数分,不知渭河-数据分析版,10,03-29,为什么越来越多的岗位要求垂类经验？如何破局？,https://www.bilibili.com/video/BV1m6ZwYiEPg/
